round,team_home,uniqueid_home,team_away,uniqueid_away,home_odds_win_3,home_odds_draw_3,home_odds_loss_3,away_odds_win_3,away_odds_draw_3,away_odds_loss_3,home_odds_win_4,home_odds_draw_4,home_odds_loss_4,away_odds_win_4,away_odds_draw_4,away_odds_loss_4,home_odds_win_5,home_odds_draw_5,home_odds_loss_5,away_odds_win_5,away_odds_draw_5,away_odds_loss_5,home_odds_win_10,home_odds_draw_10,home_odds_loss_10,away_odds_win_10,away_odds_draw_10,away_odds_loss_10
1,12,11,20,20,0.333333333333333,0.333333333333333,0.333333333333333,0.333333333333333,0.333333333333333,0.333333333333333,0.333333333333333,0.333333333333333,0.333333333333333,0.333333333333333,0.333333333333333,0.333333333333333,0.333333333333333,0.333333333333333,0.333333333333333,0.333333333333333,0.333333333333333,0.333333333333333,0.333333333333333,0.333333333333333,0.333333333333333,0.333333333333333,0.333333333333333,0.333333333333333
1,4,3,5,4,0,0,0,0,0,0,0,0,0,0,0,0,0,0,0,0,0,0,0,0,0,0,0,0
1,6,5,8,22,0.333333333333333,0.333333333333333,0.333333333333333,0.333333333333333,0.333333333333333,0.333333333333333,0.333333333333333,0.333333333333333,0.333333333333333,0.333333333333333,0.333333333333333,0.333333333333333,0.333333333333333,0.333333333333333,0.333333333333333,0.333333333333333,0.333333333333333,0.333333333333333,0.333333333333333,0.333333333333333,0.333333333333333,0.333333333333333,0.333333333333333,0.333333333333333
1,1,1,9,8,0.333333333333333,0.333333333333333,0.333333333333333,0.333333333333333,0.333333333333333,0.333333333333333,0.333333333333333,0.333333333333333,0.333333333333333,0.333333333333333,0.333333333333333,0.333333333333333,0.333333333333333,0.333333333333333,0.333333333333333,0.333333333333333,0.333333333333333,0.333333333333333,0.333333333333333,0.333333333333333,0.333333333333333,0.333333333333333,0.333333333333333,0.333333333333333
1,18,18,10,9,0.333333333333333,0.333333333333333,0.333333333333333,0.333333333333333,0.333333333333333,0.333333333333333,0.333333333333333,0.333333333333333,0.333333333333333,0.333333333333333,0.333333333333333,0.333333333333333,0.333333333333333,0.333333333333333,0.333333333333333,0.333333333333333,0.333333333333333,0.333333333333333,0.333333333333333,0.333333333333333,0.333333333333333,0.333333333333333,0.333333333333333,0.333333333333333
1,19,19,2,2,0.333333333333333,0.333333333333333,0.333333333333333,0.333333333333333,0.333333333333333,0.333333333333333,0.333333333333333,0.333333333333333,0.333333333333333,0.333333333333333,0.333333333333333,0.333333333333333,0.333333333333333,0.333333333333333,0.333333333333333,0.333333333333333,0.333333333333333,0.333333333333333,0.333333333333333,0.333333333333333,0.333333333333333,0.333333333333333,0.333333333333333,0.333333333333333
1,3,21,11,10,0.333333333333333,0.333333333333333,0.333333333333333,0.333333333333333,0.333333333333333,0.333333333333333,0.333333333333333,0.333333333333333,0.333333333333333,0.333333333333333,0.333333333333333,0.333333333333333,0.333333333333333,0.333333333333333,0.333333333333333,0.333333333333333,0.333333333333333,0.333333333333333,0.333333333333333,0.333333333333333,0.333333333333333,0.333333333333333,0.333333333333333,0.333333333333333
1,13,23,17,17,0.333333333333333,0.333333333333333,0.333333333333333,0.333333333333333,0.333333333333333,0.333333333333333,0.333333333333333,0.333333333333333,0.333333333333333,0.333333333333333,0.333333333333333,0.333333333333333,0.333333333333333,0.333333333333333,0.333333333333333,0.333333333333333,0.333333333333333,0.333333333333333,0.333333333333333,0.333333333333333,0.333333333333333,0.333333333333333,0.333333333333333,0.333333333333333
1,14,13,16,16,0.333333333333333,0.333333333333333,0.333333333333333,0.333333333333333,0.333333333333333,0.333333333333333,0.333333333333333,0.333333333333333,0.333333333333333,0.333333333333333,0.333333333333333,0.333333333333333,0.333333333333333,0.333333333333333,0.333333333333333,0.333333333333333,0.333333333333333,0.333333333333333,0.333333333333333,0.333333333333333,0.333333333333333,0.333333333333333,0.333333333333333,0.333333333333333
1,5,4,4,3,0.333333333333333,0.333333333333333,0.333333333333333,0.333333333333333,0.333333333333333,0.333333333333333,0.333333333333333,0.333333333333333,0.333333333333333,0.333333333333333,0.333333333333333,0.333333333333333,0.333333333333333,0.333333333333333,0.333333333333333,0.333333333333333,0.333333333333333,0.333333333333333,0.333333333333333,0.333333333333333,0.333333333333333,0.333333333333333,0.333333333333333,0.333333333333333
2,14,13,20,20,0.5,0.5,0,0,0.5,0.5,0.5,0.5,0,0,0.5,0.5,0.5,0.5,0,0,0.5,0.5,0.5,0.5,0,0,0.5,0.5
2,19,19,4,3,0,0,0,0,0,0,0,0,0,0,0,0,0,0,0,0,0,0,0,0,0,0,0,0
2,8,22,13,23,0.333333333333333,0.333333333333333,0.333333333333333,0.333333333333333,0.333333333333333,0.333333333333333,0.333333333333333,0.333333333333333,0.333333333333333,0.333333333333333,0.333333333333333,0.333333333333333,0.333333333333333,0.333333333333333,0.333333333333333,0.333333333333333,0.333333333333333,0.333333333333333,0.333333333333333,0.333333333333333,0.333333333333333,0.333333333333333,0.333333333333333,0.333333333333333
2,15,14,1,1,0.333333333333333,0.333333333333333,0.333333333333333,0.333333333333333,0.333333333333333,0.333333333333333,0.333333333333333,0.333333333333333,0.333333333333333,0.333333333333333,0.333333333333333,0.333333333333333,0.333333333333333,0.333333333333333,0.333333333333333,0.333333333333333,0.333333333333333,0.333333333333333,0.333333333333333,0.333333333333333,0.333333333333333,0.333333333333333,0.333333333333333,0.333333333333333
2,2,2,18,18,0.333333333333333,0.333333333333333,0.333333333333333,0.333333333333333,0.333333333333333,0.333333333333333,0.333333333333333,0.333333333333333,0.333333333333333,0.333333333333333,0.333333333333333,0.333333333333333,0.333333333333333,0.333333333333333,0.333333333333333,0.333333333333333,0.333333333333333,0.333333333333333,0.333333333333333,0.333333333333333,0.333333333333333,0.333333333333333,0.333333333333333,0.333333333333333
2,10,9,6,5,0.333333333333333,0.333333333333333,0.333333333333333,0.333333333333333,0.333333333333333,0.333333333333333,0.333333333333333,0.333333333333333,0.333333333333333,0.333333333333333,0.333333333333333,0.333333333333333,0.333333333333333,0.333333333333333,0.333333333333333,0.333333333333333,0.333333333333333,0.333333333333333,0.333333333333333,0.333333333333333,0.333333333333333,0.333333333333333,0.333333333333333,0.333333333333333
2,4,3,19,19,0.333333333333333,0.333333333333333,0.333333333333333,0.333333333333333,0.333333333333333,0.333333333333333,0.333333333333333,0.333333333333333,0.333333333333333,0.333333333333333,0.333333333333333,0.333333333333333,0.333333333333333,0.333333333333333,0.333333333333333,0.333333333333333,0.333333333333333,0.333333333333333,0.333333333333333,0.333333333333333,0.333333333333333,0.333333333333333,0.333333333333333,0.333333333333333
2,9,8,3,21,0.333333333333333,0.333333333333333,0.333333333333333,0.333333333333333,0.333333333333333,0.333333333333333,0.333333333333333,0.333333333333333,0.333333333333333,0.333333333333333,0.333333333333333,0.333333333333333,0.333333333333333,0.333333333333333,0.333333333333333,0.333333333333333,0.333333333333333,0.333333333333333,0.333333333333333,0.333333333333333,0.333333333333333,0.333333333333333,0.333333333333333,0.333333333333333
2,16,16,12,11,0.333333333333333,0.333333333333333,0.333333333333333,0.333333333333333,0.333333333333333,0.333333333333333,0.333333333333333,0.333333333333333,0.333333333333333,0.333333333333333,0.333333333333333,0.333333333333333,0.333333333333333,0.333333333333333,0.333333333333333,0.333333333333333,0.333333333333333,0.333333333333333,0.333333333333333,0.333333333333333,0.333333333333333,0.333333333333333,0.333333333333333,0.333333333333333
2,17,17,5,4,0.333333333333333,0.333333333333333,0.333333333333333,0.333333333333333,0.333333333333333,0.333333333333333,0.333333333333333,0.333333333333333,0.333333333333333,0.333333333333333,0.333333333333333,0.333333333333333,0.333333333333333,0.333333333333333,0.333333333333333,0.333333333333333,0.333333333333333,0.333333333333333,0.333333333333333,0.333333333333333,0.333333333333333,0.333333333333333,0.333333333333333,0.333333333333333
3,13,23,20,20,0.666666666666667,0,0.333333333333333,0.333333333333333,0,0.666666666666667,0.666666666666667,0,0.333333333333333,0.333333333333333,0,0.666666666666667,0.666666666666667,0,0.333333333333333,0.333333333333333,0,0.666666666666667,0.666666666666667,0,0.333333333333333,0.333333333333333,0,0.666666666666667
3,17,17,4,3,0,0,1,1,0,0,0,0,1,1,0,0,0,0,1,1,0,0,0,0,1,1,0,0
3,8,22,14,13,1,0,0,0,0,1,1,0,0,0,0,1,1,0,0,0,0,1,1,0,0,0,0,1
3,10,9,1,1,1,0,0,0,0,1,1,0,0,0,0,1,1,0,0,0,0,1,1,0,0,0,0,1
3,18,18,3,21,0.5,0.5,0,0,0.5,0.5,0.5,0.5,0,0,0.5,0.5,0.5,0.5,0,0,0.5,0.5,0.5,0.5,0,0,0.5,0.5
3,2,2,11,10,0,0,1,1,0,0,0,0,1,1,0,0,0,0,1,1,0,0,0,0,1,1,0,0
3,19,19,15,14,1,0,0,0,0,1,1,0,0,0,0,1,1,0,0,0,0,1,1,0,0,0,0,1
3,12,11,9,8,1,0,0,0,0,1,1,0,0,0,0,1,1,0,0,0,0,1,1,0,0,0,0,1
3,6,5,16,16,0,0.5,0.5,0.5,0.5,0,0,0.5,0.5,0.5,0.5,0,0,0.5,0.5,0.5,0.5,0,0,0.5,0.5,0.5,0.5,0
3,17,17,4,3,0,0,1,1,0,0,0,0,1,1,0,0,0,0,1,1,0,0,0,0,1,1,0,0
4,20,20,8,22,0,0,1,1,0,0,0,0,1,1,0,0,0,0,1,1,0,0,0,0,1,1,0,0
4,4,3,6,5,0.5,0,0.5,0.5,0,0.5,0.5,0,0.5,0.5,0,0.5,0.5,0,0.5,0.5,0,0.5,0.5,0,0.5,0.5,0,0.5
4,1,1,2,2,1,0,0,0,0,1,1,0,0,0,0,1,1,0,0,0,0,1,1,0,0,0,0,1
4,14,13,18,18,0.333333333333333,0.333333333333333,0.333333333333333,0.333333333333333,0.333333333333333,0.333333333333333,0.333333333333333,0.333333333333333,0.333333333333333,0.333333333333333,0.333333333333333,0.333333333333333,0.333333333333333,0.333333333333333,0.333333333333333,0.333333333333333,0.333333333333333,0.333333333333333,0.333333333333333,0.333333333333333,0.333333333333333,0.333333333333333,0.333333333333333,0.333333333333333
4,11,10,10,9,0,1,0,0,1,0,0,1,0,0,1,0,0,1,0,0,1,0,0,1,0,0,1,0
4,3,21,19,19,0,0,1,1,0,0,0,0,1,1,0,0,0,0,1,1,0,0,0,0,1,1,0,0
4,9,8,5,4,0.5,0,0.5,0.5,0,0.5,0.5,0,0.5,0.5,0,0.5,0.5,0,0.5,0.5,0,0.5,0.5,0,0.5,0.5,0,0.5
4,16,16,13,23,0.5,0,0.5,0.5,0,0.5,0.5,0,0.5,0.5,0,0.5,0.5,0,0.5,0.5,0,0.5,0.5,0,0.5,0.5,0,0.5
4,15,14,12,11,0.5,0,0.5,0.5,0,0.5,0.5,0,0.5,0.5,0,0.5,0.5,0,0.5,0.5,0,0.5,0.5,0,0.5,0.5,0,0.5
4,4,3,6,5,0.5,0,0.5,0.5,0,0.5,0.5,0,0.5,0.5,0,0.5,0.5,0,0.5,0.5,0,0.5,0.5,0,0.5,0.5,0,0.5
5,19,19,20,20,0.8,0.2,0,0,0.2,0.8,0.8,0.2,0,0,0.2,0.8,0.8,0.2,0,0,0.2,0.8,0.8,0.2,0,0,0.2,0.8
5,10,9,4,3,0.5,0.25,0.25,0.25,0.25,0.5,0.5,0.25,0.25,0.25,0.25,0.5,0.5,0.25,0.25,0.25,0.25,0.5,0.5,0.25,0.25,0.25,0.25,0.5
5,8,22,9,8,0.75,0.25,0,0,0.25,0.75,0.75,0.25,0,0,0.25,0.75,0.75,0.25,0,0,0.25,0.75,0.75,0.25,0,0,0.25,0.75
5,5,4,1,1,0.75,0,0.25,0.25,0,0.75,0.75,0,0.25,0.25,0,0.75,0.75,0,0.25,0.25,0,0.75,0.75,0,0.25,0.25,0,0.75
5,18,18,11,10,0,0.5,0.5,0.5,0.5,0,0,0.5,0.5,0.5,0.5,0,0,0.5,0.5,0.5,0.5,0,0,0.5,0.5,0.5,0.5,0
5,2,2,3,21,0.25,0.25,0.5,0.5,0.25,0.25,0.25,0.25,0.5,0.5,0.25,0.25,0.25,0.25,0.5,0.5,0.25,0.25,0.25,0.25,0.5,0.5,0.25,0.25
5,10,9,4,3,0.5,0.25,0.25,0.25,0.25,0.5,0.5,0.25,0.25,0.25,0.25,0.5,0.5,0.25,0.25,0.25,0.25,0.5,0.5,0.25,0.25,0.25,0.25,0.5
5,13,23,15,14,0.5,0.25,0.25,0.25,0.25,0.5,0.5,0.25,0.25,0.25,0.25,0.5,0.5,0.25,0.25,0.25,0.25,0.5,0.5,0.25,0.25,0.25,0.25,0.5
5,6,5,14,13,0,0.333333333333333,0.666666666666667,0.666666666666667,0.333333333333333,0,0,0.333333333333333,0.666666666666667,0.666666666666667,0.333333333333333,0,0,0.333333333333333,0.666666666666667,0.666666666666667,0.333333333333333,0,0,0.333333333333333,0.666666666666667,0.666666666666667,0.333333333333333,0
5,17,17,16,16,0,0.5,0.5,0.5,0.5,0,0,0.5,0.5,0.5,0.5,0,0,0.5,0.5,0.5,0.5,0,0,0.5,0.5,0.5,0.5,0
6,20,20,17,17,0.333333333333333,0,0.666666666666667,0.666666666666667,0,0.333333333333333,0.333333333333333,0,0.666666666666667,0.666666666666667,0,0.333333333333333,0.333333333333333,0,0.666666666666667,0.666666666666667,0,0.333333333333333,0.333333333333333,0,0.666666666666667,0.666666666666667,0,0.333333333333333
6,4,3,8,22,0.5,0,0.5,0.5,0,0.5,0.5,0,0.5,0.5,0,0.5,0.5,0,0.5,0.5,0,0.5,0.5,0,0.5,0.5,0,0.5
6,4,3,8,22,0.5,0,0.5,0.5,0,0.5,0.5,0,0.5,0.5,0,0.5,0.5,0,0.5,0.5,0,0.5,0.5,0,0.5,0.5,0,0.5
6,1,1,19,19,0.75,0,0.25,0.25,0,0.75,0.75,0,0.25,0.25,0,0.75,0.75,0,0.25,0.25,0,0.75,0.75,0,0.25,0.25,0,0.75
6,16,16,18,18,0,0,1,1,0,0,0,0,1,1,0,0,0,0,1,1,0,0,0,0,1,1,0,0
6,9,8,10,9,0.5,0.25,0.25,0.25,0.25,0.5,0.5,0.25,0.25,0.25,0.25,0.5,0.5,0.25,0.25,0.25,0.25,0.5,0.5,0.25,0.25,0.25,0.25,0.5
6,11,10,6,5,0.75,0.25,0,0,0.25,0.75,0.75,0.25,0,0,0.25,0.75,0.75,0.25,0,0,0.25,0.75,0.75,0.25,0,0,0.25,0.75
6,3,21,13,23,0.5,0,0.5,0.5,0,0.5,0.5,0,0.5,0.5,0,0.5,0.5,0,0.5,0.5,0,0.5,0.5,0,0.5,0.5,0,0.5
6,14,13,12,11,0.2,0.4,0.4,0.4,0.4,0.2,0.2,0.4,0.4,0.4,0.4,0.2,0.2,0.4,0.4,0.4,0.4,0.2,0.2,0.4,0.4,0.4,0.4,0.2
6,15,14,5,4,0.25,0.25,0.5,0.5,0.25,0.25,0.25,0.25,0.5,0.5,0.25,0.25,0.25,0.25,0.5,0.5,0.25,0.25,0.25,0.25,0.5,0.5,0.25,0.25
7,20,20,16,16,0.2,0.4,0.4,0.4,0.4,0.2,0.2,0.4,0.4,0.4,0.4,0.2,0.2,0.4,0.4,0.4,0.4,0.2,0.2,0.4,0.4,0.4,0.4,0.2
7,4,3,7,6,0.5,0.333333333333333,0.166666666666667,0.166666666666667,0.333333333333333,0.5,0.5,0.333333333333333,0.166666666666667,0.166666666666667,0.333333333333333,0.5,0.5,0.333333333333333,0.166666666666667,0.166666666666667,0.333333333333333,0.5,0.5,0.333333333333333,0.166666666666667,0.166666666666667,0.333333333333333,0.5
7,8,22,17,17,0.166666666666667,0.333333333333333,0.5,0.5,0.333333333333333,0.166666666666667,0.166666666666667,0.333333333333333,0.5,0.5,0.333333333333333,0.166666666666667,0.166666666666667,0.333333333333333,0.5,0.5,0.333333333333333,0.166666666666667,0.166666666666667,0.333333333333333,0.5,0.5,0.333333333333333,0.166666666666667
7,2,2,9,8,0.5,0.166666666666667,0.333333333333333,0.333333333333333,0.166666666666667,0.5,0.5,0.166666666666667,0.333333333333333,0.333333333333333,0.166666666666667,0.5,0.5,0.166666666666667,0.333333333333333,0.333333333333333,0.166666666666667,0.5,0.5,0.166666666666667,0.333333333333333,0.333333333333333,0.166666666666667,0.5
7,1,1,3,21,0.833333333333333,0.166666666666667,0,0,0.166666666666667,0.833333333333333,0.833333333333333,0.166666666666667,0,0,0.166666666666667,0.833333333333333,0.833333333333333,0.166666666666667,0,0,0.166666666666667,0.833333333333333,0.833333333333333,0.166666666666667,0,0,0.166666666666667,0.833333333333333
7,19,19,18,18,0.166666666666667,0.333333333333333,0.5,0.5,0.333333333333333,0.166666666666667,0.166666666666667,0.333333333333333,0.5,0.5,0.333333333333333,0.166666666666667,0.166666666666667,0.333333333333333,0.5,0.5,0.333333333333333,0.166666666666667,0.166666666666667,0.333333333333333,0.5,0.5,0.333333333333333,0.166666666666667
7,13,23,10,9,0.5,0.166666666666667,0.333333333333333,0.333333333333333,0.166666666666667,0.5,0.5,0.166666666666667,0.333333333333333,0.333333333333333,0.166666666666667,0.5,0.5,0.166666666666667,0.333333333333333,0.333333333333333,0.166666666666667,0.5,0.5,0.166666666666667,0.333333333333333,0.333333333333333,0.166666666666667,0.5
7,5,4,11,10,0.166666666666667,0.166666666666667,0.666666666666667,0.666666666666667,0.166666666666667,0.166666666666667,0.166666666666667,0.166666666666667,0.666666666666667,0.666666666666667,0.166666666666667,0.166666666666667,0.166666666666667,0.166666666666667,0.666666666666667,0.666666666666667,0.166666666666667,0.166666666666667,0.166666666666667,0.166666666666667,0.666666666666667,0.666666666666667,0.166666666666667,0.166666666666667
7,15,14,14,13,0.2,0.4,0.4,0.4,0.4,0.2,0.2,0.4,0.4,0.4,0.4,0.2,0.2,0.4,0.4,0.4,0.4,0.2,0.2,0.4,0.4,0.4,0.4,0.2
7,12,11,6,5,1,0,0,0,0,1,1,0,0,0,0,1,1,0,0,0,0,1,1,0,0,0,0,1
8,4,3,20,20,0.5,0.333333333333333,0.166666666666667,0.166666666666667,0.333333333333333,0.5,0.5,0.25,0.25,0.25,0.25,0.5,0.5,0.25,0.25,0.25,0.25,0.5,0.5,0.25,0.25,0.25,0.25,0.5
8,20,20,4,3,0,0,0,0,0,0,0,0,0,0,0,0,0,0,0,0,0,0,0,0,0,0,0,0
8,16,16,8,22,0.166666666666667,0.166666666666667,0.666666666666667,0.666666666666667,0.166666666666667,0.166666666666667,0.166666666666667,0.166666666666667,0.666666666666667,0.666666666666667,0.166666666666667,0.166666666666667,0.166666666666667,0.166666666666667,0.666666666666667,0.666666666666667,0.166666666666667,0.166666666666667,0.166666666666667,0.166666666666667,0.666666666666667,0.666666666666667,0.166666666666667,0.166666666666667
8,17,17,2,2,0.5,0.333333333333333,0.166666666666667,0.166666666666667,0.333333333333333,0.5,0.5,0.333333333333333,0.166666666666667,0.166666666666667,0.333333333333333,0.5,0.5,0.333333333333333,0.166666666666667,0.166666666666667,0.333333333333333,0.5,0.5,0.333333333333333,0.166666666666667,0.166666666666667,0.333333333333333,0.5
8,18,18,1,1,0.333333333333333,0.5,0.166666666666667,0.166666666666667,0.5,0.333333333333333,0.333333333333333,0.5,0.166666666666667,0.166666666666667,0.5,0.333333333333333,0.333333333333333,0.5,0.166666666666667,0.166666666666667,0.5,0.333333333333333,0.333333333333333,0.5,0.166666666666667,0.166666666666667,0.5,0.333333333333333
8,10,9,12,11,0.333333333333333,0.333333333333333,0.333333333333333,0.333333333333333,0.333333333333333,0.333333333333333,0.333333333333333,0.333333333333333,0.333333333333333,0.333333333333333,0.333333333333333,0.333333333333333,0.333333333333333,0.333333333333333,0.333333333333333,0.333333333333333,0.333333333333333,0.333333333333333,0.333333333333333,0.333333333333333,0.333333333333333,0.333333333333333,0.333333333333333,0.333333333333333
8,9,8,19,19,0.5,0,0.5,0.5,0,0.5,0.5,0,0.5,0.5,0,0.5,0.5,0,0.5,0.5,0,0.5,0.5,0,0.5,0.5,0,0.5
8,11,10,15,14,0.666666666666667,0.333333333333333,0,0,0.333333333333333,0.666666666666667,0.666666666666667,0.333333333333333,0,0,0.333333333333333,0.666666666666667,0.666666666666667,0.333333333333333,0,0,0.333333333333333,0.666666666666667,0.666666666666667,0.333333333333333,0,0,0.333333333333333,0.666666666666667
8,14,13,13,23,0.5,0,0.5,0.5,0,0.5,0.428571428571429,0.142857142857143,0.428571428571429,0.428571428571429,0.142857142857143,0.428571428571429,0.428571428571429,0.142857142857143,0.428571428571429,0.428571428571429,0.142857142857143,0.428571428571429,0.428571428571429,0.142857142857143,0.428571428571429,0.428571428571429,0.142857142857143,0.428571428571429
8,6,5,5,4,0,0,1,1,0,0,0,0,1,1,0,0,0,0,1,1,0,0,0,0,1,1,0,0
9,20,20,3,21,0.666666666666667,0.166666666666667,0.166666666666667,0.166666666666667,0.166666666666667,0.666666666666667,0.714285714285714,0.142857142857143,0.142857142857143,0.142857142857143,0.142857142857143,0.714285714285714,0.714285714285714,0.142857142857143,0.142857142857143,0.142857142857143,0.142857142857143,0.714285714285714,0.714285714285714,0.142857142857143,0.142857142857143,0.142857142857143,0.142857142857143,0.714285714285714
9,4,3,11,10,0,0,0,0,0,0,0,0,0,0,0,0,0,0,0,0,0,0,0,0,0,0,0,0
9,8,22,12,11,0,0.666666666666667,0.333333333333333,0.333333333333333,0.666666666666667,0,0.125,0.5,0.375,0.375,0.5,0.125,0.125,0.5,0.375,0.375,0.5,0.125,0.125,0.5,0.375,0.375,0.5,0.125
9,15,14,2,2,0.666666666666667,0.166666666666667,0.166666666666667,0.166666666666667,0.166666666666667,0.666666666666667,0.75,0.125,0.125,0.125,0.125,0.75,0.75,0.125,0.125,0.125,0.125,0.75,0.75,0.125,0.125,0.125,0.125,0.75
9,5,4,18,18,0.166666666666667,0.333333333333333,0.5,0.5,0.333333333333333,0.166666666666667,0.125,0.25,0.625,0.625,0.25,0.125,0.125,0.25,0.625,0.625,0.25,0.125,0.125,0.25,0.625,0.625,0.25,0.125
9,17,17,10,9,0.333333333333333,0.5,0.166666666666667,0.166666666666667,0.5,0.333333333333333,0.25,0.5,0.25,0.25,0.5,0.25,0.25,0.5,0.25,0.25,0.5,0.25,0.25,0.5,0.25,0.25,0.5,0.25
9,11,10,4,3,0.5,0.333333333333333,0.166666666666667,0.166666666666667,0.333333333333333,0.5,0.428571428571429,0.428571428571429,0.142857142857143,0.142857142857143,0.428571428571429,0.428571428571429,0.428571428571429,0.428571428571429,0.142857142857143,0.142857142857143,0.428571428571429,0.428571428571429,0.428571428571429,0.428571428571429,0.142857142857143,0.142857142857143,0.428571428571429,0.428571428571429
9,14,13,19,19,0.333333333333333,0.333333333333333,0.333333333333333,0.333333333333333,0.333333333333333,0.333333333333333,0.375,0.25,0.375,0.375,0.25,0.375,0.333333333333333,0.333333333333333,0.333333333333333,0.333333333333333,0.333333333333333,0.333333333333333,0.333333333333333,0.333333333333333,0.333333333333333,0.333333333333333,0.333333333333333,0.333333333333333
9,16,16,9,8,0.333333333333333,0.333333333333333,0.333333333333333,0.333333333333333,0.333333333333333,0.333333333333333,0.375,0.25,0.375,0.375,0.25,0.375,0.375,0.25,0.375,0.375,0.25,0.375,0.375,0.25,0.375,0.375,0.25,0.375
9,13,23,6,5,0.833333333333333,0.166666666666667,0,0,0.166666666666667,0.833333333333333,0.75,0.125,0.125,0.125,0.125,0.75,0.75,0.125,0.125,0.125,0.125,0.75,0.75,0.125,0.125,0.125,0.125,0.75
10,6,5,20,20,0.333333333333333,0.333333333333333,0.333333333333333,0.333333333333333,0.333333333333333,0.333333333333333,0.375,0.25,0.375,0.375,0.25,0.375,0.444444444444444,0.222222222222222,0.333333333333333,0.333333333333333,0.222222222222222,0.444444444444444,0.444444444444444,0.222222222222222,0.333333333333333,0.333333333333333,0.222222222222222,0.444444444444444
10,13,23,4,3,0,0,0,0,0,0,0,0,0,0,0,0,0,0,0,0,0,0,0,0,0,0,0,0
10,10,9,8,22,0.5,0.5,0,0,0.5,0.5,0.5,0.375,0.125,0.125,0.375,0.5,0.5,0.375,0.125,0.125,0.375,0.5,0.5,0.375,0.125,0.125,0.375,0.5
10,2,2,5,4,0.333333333333333,0.166666666666667,0.5,0.5,0.166666666666667,0.333333333333333,0.25,0.125,0.625,0.625,0.125,0.25,0.25,0.125,0.625,0.625,0.125,0.25,0.25,0.125,0.625,0.625,0.125,0.25
10,1,1,16,16,0.666666666666667,0.166666666666667,0.166666666666667,0.166666666666667,0.166666666666667,0.666666666666667,0.625,0.25,0.125,0.125,0.25,0.625,0.625,0.25,0.125,0.125,0.25,0.625,0.625,0.25,0.125,0.125,0.25,0.625
10,18,18,15,14,0.5,0.333333333333333,0.166666666666667,0.166666666666667,0.333333333333333,0.5,0.5,0.375,0.125,0.125,0.375,0.5,0.5,0.375,0.125,0.125,0.375,0.5,0.5,0.375,0.125,0.125,0.375,0.5
10,4,3,13,23,0.166666666666667,0.5,0.333333333333333,0.333333333333333,0.5,0.166666666666667,0.375,0.375,0.25,0.25,0.375,0.375,0.333333333333333,0.333333333333333,0.333333333333333,0.333333333333333,0.333333333333333,0.333333333333333,0.333333333333333,0.333333333333333,0.333333333333333,0.333333333333333,0.333333333333333,0.333333333333333
10,19,19,11,10,0,0.5,0.5,0.5,0.5,0,0.125,0.375,0.5,0.5,0.375,0.125,0.125,0.375,0.5,0.5,0.375,0.125,0.125,0.375,0.5,0.5,0.375,0.125
10,3,21,14,13,0.5,0.333333333333333,0.166666666666667,0.166666666666667,0.333333333333333,0.5,0.428571428571429,0.285714285714286,0.285714285714286,0.285714285714286,0.285714285714286,0.428571428571429,0.428571428571429,0.285714285714286,0.285714285714286,0.285714285714286,0.285714285714286,0.428571428571429,0.428571428571429,0.285714285714286,0.285714285714286,0.285714285714286,0.285714285714286,0.428571428571429
10,12,11,17,17,0.5,0,0.5,0.5,0,0.5,0.5,0,0.5,0.5,0,0.5,0.5,0,0.5,0.5,0,0.5,0.5,0,0.5,0.5,0,0.5
11,20,20,10,9,0.333333333333333,0.166666666666667,0.5,0.5,0.166666666666667,0.333333333333333,0.5,0.125,0.375,0.375,0.125,0.5,0.444444444444444,0.222222222222222,0.333333333333333,0.333333333333333,0.222222222222222,0.444444444444444,0.444444444444444,0.222222222222222,0.333333333333333,0.333333333333333,0.222222222222222,0.444444444444444
11,4,3,14,13,0,0,0,0,0,0,0,0,0,0,0,0,0,0,0,0,0,0,0,0,0,0,0,0
11,8,22,19,19,0.5,0.333333333333333,0.166666666666667,0.166666666666667,0.333333333333333,0.5,0.5,0.375,0.125,0.125,0.375,0.5,0.5,0.3,0.2,0.2,0.3,0.5,0.5,0.3,0.2,0.2,0.3,0.5
11,13,23,2,2,0.666666666666667,0.166666666666667,0.166666666666667,0.166666666666667,0.166666666666667,0.666666666666667,0.75,0.125,0.125,0.125,0.125,0.75,0.7,0.1,0.2,0.2,0.1,0.7,0.7,0.1,0.2,0.2,0.1,0.7
11,11,10,1,1,0.666666666666667,0.166666666666667,0.166666666666667,0.166666666666667,0.166666666666667,0.666666666666667,0.75,0.125,0.125,0.125,0.125,0.75,0.7,0.2,0.1,0.1,0.2,0.7,0.7,0.2,0.1,0.1,0.2,0.7
11,14,13,4,3,0.333333333333333,0.5,0.166666666666667,0.166666666666667,0.5,0.333333333333333,0.25,0.375,0.375,0.375,0.375,0.25,0.333333333333333,0.333333333333333,0.333333333333333,0.333333333333333,0.333333333333333,0.333333333333333,0.3,0.4,0.3,0.3,0.4,0.3
11,15,14,9,8,0.166666666666667,0.333333333333333,0.5,0.5,0.333333333333333,0.166666666666667,0.25,0.375,0.375,0.375,0.375,0.25,0.4,0.3,0.3,0.3,0.3,0.4,0.4,0.3,0.3,0.3,0.3,0.4
11,16,16,3,21,0.5,0,0.5,0.5,0,0.5,0.375,0.125,0.5,0.5,0.125,0.375,0.4,0.1,0.5,0.5,0.1,0.4,0.4,0.1,0.5,0.5,0.1,0.4
11,17,17,6,5,0.833333333333333,0.166666666666667,0,0,0.166666666666667,0.833333333333333,0.75,0.25,0,0,0.25,0.75,0.7,0.2,0.1,0.1,0.2,0.7,0.7,0.2,0.1,0.1,0.2,0.7
11,5,4,12,11,0.333333333333333,0.333333333333333,0.333333333333333,0.333333333333333,0.333333333333333,0.333333333333333,0.375,0.375,0.25,0.25,0.375,0.375,0.3,0.3,0.4,0.4,0.3,0.3,0.3,0.3,0.4,0.4,0.3,0.3
12,18,18,20,20,0.166666666666667,0.5,0.333333333333333,0.333333333333333,0.5,0.166666666666667,0.25,0.5,0.25,0.25,0.5,0.25,0.3,0.5,0.2,0.2,0.5,0.3,0.363636363636364,0.454545454545455,0.181818181818182,0.181818181818182,0.454545454545455,0.363636363636364
12,16,16,4,3,0,0,0,0,0,0,0,0,0,0,0,0,0,0,0,0,0,0,0,0,0,0,0,0
12,2,2,8,22,0.5,0.333333333333333,0.166666666666667,0.166666666666667,0.333333333333333,0.5,0.5,0.25,0.25,0.25,0.25,0.5,0.4,0.2,0.4,0.4,0.2,0.4,0.4,0.2,0.4,0.4,0.2,0.4
12,1,1,17,17,0.666666666666667,0,0.333333333333333,0.333333333333333,0,0.666666666666667,0.625,0,0.375,0.375,0,0.625,0.6,0,0.4,0.4,0,0.6,0.6,0,0.4,0.4,0,0.6
12,10,9,14,13,0.333333333333333,0.5,0.166666666666667,0.166666666666667,0.5,0.333333333333333,0.375,0.5,0.125,0.125,0.5,0.375,0.444444444444444,0.444444444444444,0.111111111111111,0.111111111111111,0.444444444444444,0.444444444444444,0.444444444444444,0.444444444444444,0.111111111111111,0.111111111111111,0.444444444444444,0.444444444444444
12,4,3,16,16,0.5,0.333333333333333,0.166666666666667,0.166666666666667,0.333333333333333,0.5,0.375,0.375,0.25,0.25,0.375,0.375,0.4,0.4,0.2,0.2,0.4,0.4,0.363636363636364,0.363636363636364,0.272727272727273,0.272727272727273,0.363636363636364,0.363636363636364
12,19,19,5,4,0.166666666666667,0.333333333333333,0.5,0.5,0.333333333333333,0.166666666666667,0.125,0.375,0.5,0.5,0.375,0.125,0.2,0.3,0.5,0.5,0.3,0.2,0.2,0.3,0.5,0.5,0.3,0.2
12,9,8,11,10,0.166666666666667,0.166666666666667,0.666666666666667,0.666666666666667,0.166666666666667,0.166666666666667,0.125,0.125,0.75,0.75,0.125,0.125,0.2,0.1,0.7,0.7,0.1,0.2,0.2,0.1,0.7,0.7,0.1,0.2
12,12,11,13,23,0.833333333333333,0.166666666666667,0,0,0.166666666666667,0.833333333333333,0.75,0.125,0.125,0.125,0.125,0.75,0.8,0.1,0.1,0.1,0.1,0.8,0.8,0.1,0.1,0.1,0.1,0.8
12,3,21,15,14,0.5,0.333333333333333,0.166666666666667,0.166666666666667,0.333333333333333,0.5,0.5,0.375,0.125,0.125,0.375,0.5,0.5,0.3,0.2,0.2,0.3,0.5,0.5,0.3,0.2,0.2,0.3,0.5
13,20,20,9,8,0.166666666666667,0.333333333333333,0.5,0.5,0.333333333333333,0.166666666666667,0.125,0.375,0.5,0.5,0.375,0.125,0.3,0.3,0.4,0.4,0.3,0.3,0.363636363636364,0.272727272727273,0.363636363636364,0.363636363636364,0.272727272727273,0.363636363636364
13,1,1,4,3,0,0,0,0,0,0,0,0,0,0,0,0,0,0,0,0,0,0,0,0,0,0,0,0
13,8,22,11,10,0.333333333333333,0,0.666666666666667,0.666666666666667,0,0.333333333333333,0.25,0.125,0.625,0.625,0.125,0.25,0.2,0.2,0.6,0.6,0.2,0.2,0.25,0.166666666666667,0.583333333333333,0.583333333333333,0.166666666666667,0.25
13,16,16,2,2,0.333333333333333,0,0.666666666666667,0.666666666666667,0,0.333333333333333,0.375,0,0.625,0.625,0,0.375,0.4,0,0.6,0.6,0,0.4,0.416666666666667,0,0.583333333333333,0.583333333333333,0,0.416666666666667
13,4,3,1,1,0.666666666666667,0.166666666666667,0.166666666666667,0.166666666666667,0.166666666666667,0.666666666666667,0.5,0.25,0.25,0.25,0.25,0.5,0.5,0.3,0.2,0.2,0.3,0.5,0.538461538461538,0.230769230769231,0.230769230769231,0.230769230769231,0.230769230769231,0.538461538461538
13,13,23,18,18,0.5,0.333333333333333,0.166666666666667,0.166666666666667,0.333333333333333,0.5,0.5,0.25,0.25,0.25,0.25,0.5,0.5,0.2,0.3,0.3,0.2,0.5,0.416666666666667,0.166666666666667,0.416666666666667,0.416666666666667,0.166666666666667,0.416666666666667
13,10,9,5,4,0.5,0.166666666666667,0.333333333333333,0.333333333333333,0.166666666666667,0.5,0.375,0.25,0.375,0.375,0.25,0.375,0.4,0.2,0.4,0.4,0.2,0.4,0.416666666666667,0.166666666666667,0.416666666666667,0.416666666666667,0.166666666666667,0.416666666666667
13,17,17,19,19,0.833333333333333,0.166666666666667,0,0,0.166666666666667,0.833333333333333,0.75,0.25,0,0,0.25,0.75,0.7,0.3,0,0,0.3,0.7,0.583333333333333,0.25,0.166666666666667,0.166666666666667,0.25,0.583333333333333
13,12,11,3,21,0.666666666666667,0,0.333333333333333,0.333333333333333,0,0.666666666666667,0.75,0,0.25,0.25,0,0.75,0.7,0.1,0.2,0.2,0.1,0.7,0.75,0.083333333333333,0.166666666666667,0.166666666666667,0.083333333333333,0.75
13,6,5,15,14,0.333333333333333,0.5,0.166666666666667,0.166666666666667,0.5,0.333333333333333,0.375,0.375,0.25,0.25,0.375,0.375,0.3,0.4,0.3,0.3,0.4,0.3,0.333333333333333,0.333333333333333,0.333333333333333,0.333333333333333,0.333333333333333,0.333333333333333
14,7,6,20,20,0.5,0.333333333333333,0.166666666666667,0.166666666666667,0.333333333333333,0.5,0.375,0.375,0.25,0.25,0.375,0.375,0.5,0.3,0.2,0.2,0.3,0.5,0.583333333333333,0.25,0.166666666666667,0.166666666666667,0.25,0.583333333333333
14,1,1,8,22,1,0,0,0,0,1,0.875,0.125,0,0,0.125,0.875,0.9,0.1,0,0,0.1,0.9,0.833333333333333,0.083333333333333,0.083333333333333,0.083333333333333,0.083333333333333,0.833333333333333
14,2,2,4,3,0.333333333333333,0.333333333333333,0.333333333333333,0.333333333333333,0.333333333333333,0.333333333333333,0.375,0.375,0.25,0.25,0.375,0.375,0.3,0.3,0.4,0.4,0.3,0.3,0.272727272727273,0.272727272727273,0.454545454545455,0.454545454545455,0.272727272727273,0.272727272727273
14,18,18,12,11,0.666666666666667,0.166666666666667,0.166666666666667,0.166666666666667,0.166666666666667,0.666666666666667,0.5,0.125,0.375,0.375,0.125,0.5,0.4,0.3,0.3,0.3,0.3,0.4,0.333333333333333,0.333333333333333,0.333333333333333,0.333333333333333,0.333333333333333,0.333333333333333
14,15,14,10,9,0.333333333333333,0.333333333333333,0.333333333333333,0.333333333333333,0.333333333333333,0.333333333333333,0.25,0.25,0.5,0.5,0.25,0.25,0.3,0.3,0.4,0.4,0.3,0.3,0.333333333333333,0.333333333333333,0.333333333333333,0.333333333333333,0.333333333333333,0.333333333333333
14,19,19,13,23,0.333333333333333,0.333333333333333,0.333333333333333,0.333333333333333,0.333333333333333,0.333333333333333,0.375,0.375,0.25,0.25,0.375,0.375,0.3,0.4,0.3,0.3,0.4,0.3,0.416666666666667,0.333333333333333,0.25,0.25,0.333333333333333,0.416666666666667
14,9,8,17,17,0.5,0.166666666666667,0.333333333333333,0.333333333333333,0.166666666666667,0.5,0.375,0.125,0.5,0.5,0.125,0.375,0.3,0.1,0.6,0.6,0.1,0.3,0.333333333333333,0.083333333333333,0.583333333333333,0.583333333333333,0.083333333333333,0.333333333333333
14,11,10,14,13,0.833333333333333,0.166666666666667,0,0,0.166666666666667,0.833333333333333,0.75,0.125,0.125,0.125,0.125,0.75,0.7,0.2,0.1,0.1,0.2,0.7,0.636363636363636,0.272727272727273,0.090909090909091,0.090909090909091,0.272727272727273,0.636363636363636
14,5,4,16,16,0.833333333333333,0,0.166666666666667,0.166666666666667,0,0.833333333333333,0.625,0.25,0.125,0.125,0.25,0.625,0.6,0.2,0.2,0.2,0.2,0.6,0.5,0.25,0.25,0.25,0.25,0.5
14,3,21,6,5,0.5,0.5,0,0,0.5,0.5,0.625,0.375,0,0,0.375,0.625,0.7,0.3,0,0,0.3,0.7,0.666666666666667,0.25,0.083333333333333,0.083333333333333,0.25,0.666666666666667
15,11,10,20,20,0.833333333333333,0.166666666666667,0,0,0.166666666666667,0.833333333333333,0.75,0.25,0,0,0.25,0.75,0.7,0.3,0,0,0.3,0.7,0.733333333333333,0.266666666666667,0,0,0.266666666666667,0.733333333333333
15,4,3,9,8,0,0,0,0,0,0,0,0,0,0,0,0,0,0,0,0,0,0,0,0,0,0,0,0
15,2,2,14,13,0.5,0.166666666666667,0.333333333333333,0.333333333333333,0.166666666666667,0.5,0.5,0.25,0.25,0.25,0.25,0.5,0.5,0.2,0.3,0.3,0.2,0.5,0.384615384615385,0.230769230769231,0.384615384615385,0.384615384615385,0.230769230769231,0.384615384615385
15,1,1,12,11,0.833333333333333,0,0.166666666666667,0.166666666666667,0,0.833333333333333,0.75,0.125,0.125,0.125,0.125,0.75,0.7,0.1,0.2,0.2,0.1,0.7,0.642857142857143,0.142857142857143,0.214285714285714,0.214285714285714,0.142857142857143,0.642857142857143
15,18,18,17,17,0.666666666666667,0,0.333333333333333,0.333333333333333,0,0.666666666666667,0.625,0,0.375,0.375,0,0.625,0.5,0,0.5,0.5,0,0.5,0.357142857142857,0.142857142857143,0.5,0.5,0.142857142857143,0.357142857142857
15,3,21,10,9,0.166666666666667,0.5,0.333333333333333,0.333333333333333,0.5,0.166666666666667,0.125,0.625,0.25,0.25,0.625,0.125,0.2,0.5,0.3,0.3,0.5,0.2,0.285714285714286,0.428571428571429,0.285714285714286,0.285714285714286,0.428571428571429,0.285714285714286
15,9,8,4,3,0.5,0,0.5,0.5,0,0.5,0.375,0.25,0.375,0.375,0.25,0.375,0.3,0.3,0.4,0.4,0.3,0.3,0.307692307692308,0.230769230769231,0.461538461538462,0.461538461538462,0.230769230769231,0.307692307692308
15,19,19,6,5,0.333333333333333,0.333333333333333,0.333333333333333,0.333333333333333,0.333333333333333,0.333333333333333,0.375,0.375,0.25,0.25,0.375,0.375,0.4,0.4,0.2,0.2,0.4,0.4,0.5,0.357142857142857,0.142857142857143,0.142857142857143,0.357142857142857,0.5
15,5,4,13,23,0.833333333333333,0.166666666666667,0,0,0.166666666666667,0.833333333333333,0.625,0.25,0.125,0.125,0.25,0.625,0.6,0.3,0.1,0.1,0.3,0.6,0.571428571428571,0.214285714285714,0.214285714285714,0.214285714285714,0.214285714285714,0.571428571428571
15,15,14,16,16,0.5,0.166666666666667,0.333333333333333,0.333333333333333,0.166666666666667,0.5,0.625,0.125,0.25,0.25,0.125,0.625,0.5,0.2,0.3,0.3,0.2,0.5,0.428571428571429,0.285714285714286,0.285714285714286,0.285714285714286,0.285714285714286,0.428571428571429
16,20,20,5,4,0,0.333333333333333,0.666666666666667,0.666666666666667,0.333333333333333,0,0.25,0.25,0.5,0.5,0.25,0.25,0.2,0.2,0.6,0.6,0.2,0.2,0.230769230769231,0.153846153846154,0.615384615384615,0.615384615384615,0.153846153846154,0.230769230769231
16,18,18,4,3,0,0,0,0,0,0,0,0,0,0,0,0,0,0,0,0,0,0,0,0,0,0,0,0
16,8,22,3,21,0.5,0,0.5,0.5,0,0.5,0.5,0,0.5,0.5,0,0.5,0.5,0.1,0.4,0.4,0.1,0.5,0.5,0.214285714285714,0.285714285714286,0.285714285714286,0.214285714285714,0.5
16,6,5,2,2,0.166666666666667,0.5,0.333333333333333,0.333333333333333,0.5,0.166666666666667,0.375,0.375,0.25,0.25,0.375,0.375,0.4,0.3,0.3,0.3,0.3,0.4,0.428571428571429,0.214285714285714,0.357142857142857,0.357142857142857,0.214285714285714,0.428571428571429
16,14,13,1,1,0.5,0,0.5,0.5,0,0.5,0.5,0.125,0.375,0.375,0.125,0.5,0.4,0.2,0.4,0.4,0.2,0.4,0.466666666666667,0.2,0.333333333333333,0.333333333333333,0.2,0.466666666666667
16,4,3,18,18,0.666666666666667,0,0.333333333333333,0.333333333333333,0,0.666666666666667,0.5,0.25,0.25,0.25,0.25,0.5,0.4,0.2,0.4,0.4,0.2,0.4,0.333333333333333,0.2,0.466666666666667,0.466666666666667,0.2,0.333333333333333
16,16,16,19,19,0.333333333333333,0.333333333333333,0.333333333333333,0.333333333333333,0.333333333333333,0.333333333333333,0.375,0.375,0.25,0.25,0.375,0.375,0.4,0.3,0.3,0.3,0.3,0.4,0.357142857142857,0.214285714285714,0.428571428571429,0.428571428571429,0.214285714285714,0.357142857142857
16,13,23,9,8,0.166666666666667,0.333333333333333,0.5,0.5,0.333333333333333,0.166666666666667,0.125,0.5,0.375,0.375,0.5,0.125,0.2,0.5,0.3,0.3,0.5,0.2,0.357142857142857,0.357142857142857,0.285714285714286,0.285714285714286,0.357142857142857,0.357142857142857
16,12,11,11,10,0.5,0,0.5,0.5,0,0.5,0.5,0,0.5,0.5,0,0.5,0.5,0,0.5,0.5,0,0.5,0.5,0,0.5,0.5,0,0.5
16,17,17,15,14,0.5,0.333333333333333,0.166666666666667,0.166666666666667,0.333333333333333,0.5,0.625,0.25,0.125,0.125,0.25,0.625,0.6,0.3,0.1,0.1,0.3,0.6,0.5,0.357142857142857,0.142857142857143,0.142857142857143,0.357142857142857,0.5
17,20,20,1,1,0.333333333333333,0.333333333333333,0.333333333333333,0.333333333333333,0.333333333333333,0.333333333333333,0.25,0.25,0.5,0.5,0.25,0.25,0.4,0.2,0.4,0.4,0.2,0.4,0.466666666666667,0.2,0.333333333333333,0.333333333333333,0.2,0.466666666666667
17,15,14,4,3,0,0,0,0,0,0,0,0,0,0,0,0,0,0,0,0,0,0,0,0,0,0,0,0
17,8,22,5,4,0.5,0.166666666666667,0.333333333333333,0.333333333333333,0.166666666666667,0.5,0.5,0.125,0.375,0.375,0.125,0.5,0.5,0.1,0.4,0.4,0.1,0.5,0.375,0.1875,0.4375,0.4375,0.1875,0.375
17,12,11,2,2,0.333333333333333,0.333333333333333,0.333333333333333,0.333333333333333,0.333333333333333,0.333333333333333,0.375,0.25,0.375,0.375,0.25,0.375,0.5,0.2,0.3,0.3,0.2,0.5,0.6875,0.125,0.1875,0.1875,0.125,0.6875
17,6,5,18,18,0.5,0.333333333333333,0.166666666666667,0.166666666666667,0.333333333333333,0.5,0.5,0.375,0.125,0.125,0.375,0.5,0.5,0.4,0.1,0.1,0.4,0.5,0.3125,0.25,0.4375,0.4375,0.25,0.3125
17,10,9,19,19,0.5,0.5,0,0,0.5,0.5,0.625,0.375,0,0,0.375,0.625,0.5,0.5,0,0,0.5,0.5,0.5625,0.375,0.0625,0.0625,0.375,0.5625
17,4,3,15,14,0.666666666666667,0.166666666666667,0.166666666666667,0.166666666666667,0.166666666666667,0.666666666666667,0.625,0.125,0.25,0.25,0.125,0.625,0.6,0.2,0.2,0.2,0.2,0.6,0.529411764705882,0.235294117647059,0.235294117647059,0.235294117647059,0.235294117647059,0.529411764705882
17,14,13,9,8,0.166666666666667,0.5,0.333333333333333,0.333333333333333,0.5,0.166666666666667,0.25,0.375,0.375,0.375,0.375,0.25,0.2,0.5,0.3,0.3,0.5,0.2,0.294117647058824,0.411764705882353,0.294117647058824,0.294117647058824,0.411764705882353,0.294117647058824
17,16,16,11,10,0.166666666666667,0.166666666666667,0.666666666666667,0.666666666666667,0.166666666666667,0.166666666666667,0.125,0.125,0.75,0.75,0.125,0.125,0.2,0.1,0.7,0.7,0.1,0.2,0.125,0.0625,0.8125,0.8125,0.0625,0.125
17,17,17,3,21,0.666666666666667,0.166666666666667,0.166666666666667,0.166666666666667,0.166666666666667,0.666666666666667,0.625,0.125,0.25,0.25,0.125,0.625,0.7,0.1,0.2,0.2,0.1,0.7,0.5625,0.25,0.1875,0.1875,0.25,0.5625
18,15,14,20,20,0.666666666666667,0.166666666666667,0.166666666666667,0.166666666666667,0.166666666666667,0.666666666666667,0.5,0.25,0.25,0.25,0.25,0.5,0.5,0.3,0.2,0.2,0.3,0.5,0.529411764705882,0.294117647058824,0.176470588235294,0.176470588235294,0.294117647058824,0.529411764705882
18,4,3,3,21,0,0,0,0,0,0,0,0,0,0,0,0,0,0,0,0,0,0,0,0,0,0,0,0
18,18,18,8,22,0.666666666666667,0.166666666666667,0.166666666666667,0.166666666666667,0.166666666666667,0.666666666666667,0.625,0.125,0.25,0.25,0.125,0.625,0.7,0.1,0.2,0.2,0.1,0.7,0.5,0.25,0.25,0.25,0.25,0.5
18,2,2,10,9,0.166666666666667,0.166666666666667,0.666666666666667,0.666666666666667,0.166666666666667,0.166666666666667,0.25,0.125,0.625,0.625,0.125,0.25,0.2,0.3,0.5,0.5,0.3,0.2,0.25,0.25,0.5,0.5,0.25,0.25
18,1,1,13,23,0.666666666666667,0.166666666666667,0.166666666666667,0.166666666666667,0.166666666666667,0.666666666666667,0.75,0.125,0.125,0.125,0.125,0.75,0.7,0.2,0.1,0.1,0.2,0.7,0.75,0.125,0.125,0.125,0.125,0.75
18,9,8,6,5,0.5,0.333333333333333,0.166666666666667,0.166666666666667,0.333333333333333,0.5,0.625,0.25,0.125,0.125,0.25,0.625,0.6,0.3,0.1,0.1,0.3,0.6,0.625,0.1875,0.1875,0.1875,0.1875,0.625
18,3,21,4,3,0.166666666666667,0.333333333333333,0.5,0.5,0.333333333333333,0.166666666666667,0.25,0.375,0.375,0.375,0.375,0.25,0.2,0.5,0.3,0.3,0.5,0.2,0.266666666666667,0.4,0.333333333333333,0.333333333333333,0.4,0.266666666666667
18,19,19,12,11,0.166666666666667,0.333333333333333,0.5,0.5,0.333333333333333,0.166666666666667,0.25,0.25,0.5,0.5,0.25,0.25,0.2,0.4,0.4,0.4,0.4,0.2,0.1875,0.4375,0.375,0.375,0.4375,0.1875
18,11,10,17,17,0.833333333333333,0.166666666666667,0,0,0.166666666666667,0.833333333333333,0.875,0.125,0,0,0.125,0.875,0.8,0.1,0.1,0.1,0.1,0.8,0.625,0.125,0.25,0.25,0.125,0.625
18,5,4,14,13,0.833333333333333,0.166666666666667,0,0,0.166666666666667,0.833333333333333,0.75,0.25,0,0,0.25,0.75,0.7,0.2,0.1,0.1,0.2,0.7,0.533333333333333,0.266666666666667,0.2,0.2,0.266666666666667,0.533333333333333
19,20,20,13,23,0.5,0.5,0,0,0.5,0.5,0.5,0.375,0.125,0.125,0.375,0.5,0.5,0.3,0.2,0.2,0.3,0.5,0.529411764705882,0.235294117647059,0.235294117647059,0.235294117647059,0.235294117647059,0.529411764705882
19,4,3,17,17,0.666666666666667,0.166666666666667,0.166666666666667,0.166666666666667,0.166666666666667,0.666666666666667,0.75,0.125,0.125,0.125,0.125,0.75,0.8,0.1,0.1,0.1,0.1,0.8,0.473684210526316,0.157894736842105,0.368421052631579,0.368421052631579,0.157894736842105,0.473684210526316
19,14,13,8,22,0.5,0.166666666666667,0.333333333333333,0.333333333333333,0.166666666666667,0.5,0.5,0.125,0.375,0.375,0.125,0.5,0.6,0.1,0.3,0.3,0.1,0.6,0.473684210526316,0.210526315789474,0.31578947368421,0.31578947368421,0.210526315789474,0.473684210526316
19,11,10,2,2,0.666666666666667,0.333333333333333,0,0,0.333333333333333,0.666666666666667,0.625,0.25,0.125,0.125,0.25,0.625,0.6,0.2,0.2,0.2,0.2,0.6,0.722222222222222,0.166666666666667,0.111111111111111,0.111111111111111,0.166666666666667,0.722222222222222
19,1,1,10,9,0.333333333333333,0,0.666666666666667,0.666666666666667,0,0.333333333333333,0.375,0,0.625,0.625,0,0.375,0.5,0,0.5,0.5,0,0.5,0.555555555555556,0.111111111111111,0.333333333333333,0.333333333333333,0.111111111111111,0.555555555555556
19,16,16,6,5,0.166666666666667,0.5,0.333333333333333,0.333333333333333,0.5,0.166666666666667,0.25,0.375,0.375,0.375,0.375,0.25,0.3,0.3,0.4,0.4,0.3,0.3,0.444444444444444,0.166666666666667,0.388888888888889,0.388888888888889,0.166666666666667,0.444444444444444
19,3,21,18,18,0.333333333333333,0.333333333333333,0.333333333333333,0.333333333333333,0.333333333333333,0.333333333333333,0.375,0.375,0.25,0.25,0.375,0.375,0.4,0.4,0.2,0.2,0.4,0.4,0.333333333333333,0.333333333333333,0.333333333333333,0.333333333333333,0.333333333333333,0.333333333333333
19,4,3,17,17,0.666666666666667,0.166666666666667,0.166666666666667,0.166666666666667,0.166666666666667,0.666666666666667,0.75,0.125,0.125,0.125,0.125,0.75,0.8,0.1,0.1,0.1,0.1,0.8,0.473684210526316,0.157894736842105,0.368421052631579,0.368421052631579,0.157894736842105,0.473684210526316
19,15,14,19,19,0.333333333333333,0.333333333333333,0.333333333333333,0.333333333333333,0.333333333333333,0.333333333333333,0.375,0.375,0.25,0.25,0.375,0.375,0.4,0.3,0.3,0.3,0.3,0.4,0.444444444444444,0.277777777777778,0.277777777777778,0.277777777777778,0.277777777777778,0.444444444444444
19,9,8,12,11,0.333333333333333,0,0.666666666666667,0.666666666666667,0,0.333333333333333,0.375,0,0.625,0.625,0,0.375,0.5,0,0.5,0.5,0,0.5,0.333333333333333,0.166666666666667,0.5,0.5,0.166666666666667,0.333333333333333
20,2,2,20,20,0.333333333333333,0.166666666666667,0.5,0.5,0.166666666666667,0.333333333333333,0.5,0.125,0.375,0.375,0.125,0.5,0.4,0.2,0.4,0.4,0.2,0.4,0.421052631578947,0.263157894736842,0.31578947368421,0.31578947368421,0.263157894736842,0.421052631578947
20,12,11,4,3,0.5,0.166666666666667,0.333333333333333,0.333333333333333,0.166666666666667,0.5,0.5,0.125,0.375,0.375,0.125,0.5,0.6,0.1,0.3,0.3,0.1,0.6,0.588235294117647,0.176470588235294,0.235294117647059,0.235294117647059,0.176470588235294,0.588235294117647
20,8,22,15,14,0.666666666666667,0,0.333333333333333,0.333333333333333,0,0.666666666666667,0.625,0.125,0.25,0.25,0.125,0.625,0.6,0.1,0.3,0.3,0.1,0.6,0.555555555555556,0.222222222222222,0.222222222222222,0.222222222222222,0.222222222222222,0.555555555555556
20,6,5,1,1,0.333333333333333,0.5,0.166666666666667,0.166666666666667,0.5,0.333333333333333,0.375,0.5,0.125,0.125,0.5,0.375,0.3,0.5,0.2,0.2,0.5,0.3,0.388888888888889,0.333333333333333,0.277777777777778,0.277777777777778,0.333333333333333,0.388888888888889
20,18,18,9,8,0,0.333333333333333,0.666666666666667,0.666666666666667,0.333333333333333,0,0.125,0.375,0.5,0.5,0.375,0.125,0.1,0.3,0.6,0.6,0.3,0.1,0.222222222222222,0.388888888888889,0.388888888888889,0.388888888888889,0.388888888888889,0.222222222222222
20,10,9,16,16,0.5,0.5,0,0,0.5,0.5,0.625,0.375,0,0,0.375,0.625,0.7,0.3,0,0,0.3,0.7,0.555555555555556,0.388888888888889,0.055555555555556,0.055555555555556,0.388888888888889,0.555555555555556
20,12,11,4,3,0.5,0.166666666666667,0.333333333333333,0.333333333333333,0.166666666666667,0.5,0.5,0.125,0.375,0.375,0.125,0.5,0.6,0.1,0.3,0.3,0.1,0.6,0.588235294117647,0.176470588235294,0.235294117647059,0.235294117647059,0.176470588235294,0.588235294117647
20,13,23,11,10,0,0,1,1,0,0,0,0,1,1,0,0,0.1,0,0.9,0.9,0,0.1,0.166666666666667,0.055555555555556,0.777777777777778,0.777777777777778,0.055555555555556,0.166666666666667
20,17,17,14,13,0.666666666666667,0.333333333333333,0,0,0.333333333333333,0.666666666666667,0.75,0.25,0,0,0.25,0.75,0.7,0.3,0,0,0.3,0.7,0.529411764705882,0.352941176470588,0.117647058823529,0.117647058823529,0.352941176470588,0.529411764705882
20,5,4,3,21,1,0,0,0,0,1,0.875,0,0.125,0.125,0,0.875,0.8,0,0.2,0.2,0,0.8,0.666666666666667,0.111111111111111,0.222222222222222,0.222222222222222,0.111111111111111,0.666666666666667
21,8,22,4,3,0.333333333333333,0.5,0.166666666666667,0.166666666666667,0.5,0.333333333333333,0.25,0.375,0.375,0.375,0.375,0.25,0.3,0.3,0.4,0.4,0.3,0.3,0.31578947368421,0.368421052631579,0.31578947368421,0.31578947368421,0.368421052631579,0.31578947368421
21,8,22,4,3,0.333333333333333,0.5,0.166666666666667,0.166666666666667,0.5,0.333333333333333,0.25,0.375,0.375,0.375,0.375,0.25,0.3,0.3,0.4,0.4,0.3,0.3,0.31578947368421,0.368421052631579,0.31578947368421,0.31578947368421,0.368421052631579,0.31578947368421
21,19,19,1,1,0,0.666666666666667,0.333333333333333,0.333333333333333,0.666666666666667,0,0,0.625,0.375,0.375,0.625,0,0.1,0.5,0.4,0.4,0.5,0.1,0.25,0.45,0.3,0.3,0.45,0.25
21,6,5,11,10,0.166666666666667,0.166666666666667,0.666666666666667,0.666666666666667,0.166666666666667,0.166666666666667,0.25,0.125,0.625,0.625,0.125,0.25,0.2,0.2,0.6,0.6,0.2,0.2,0.15,0.15,0.7,0.7,0.15,0.15
21,18,18,16,16,0.666666666666667,0.166666666666667,0.166666666666667,0.166666666666667,0.166666666666667,0.666666666666667,0.625,0.125,0.25,0.25,0.125,0.625,0.7,0.1,0.2,0.2,0.1,0.7,0.5,0.25,0.25,0.25,0.25,0.5
21,10,9,9,8,0.333333333333333,0.333333333333333,0.333333333333333,0.333333333333333,0.333333333333333,0.333333333333333,0.25,0.5,0.25,0.25,0.5,0.25,0.3,0.5,0.2,0.2,0.5,0.3,0.4,0.45,0.15,0.15,0.45,0.4
21,13,23,3,21,0.5,0,0.5,0.5,0,0.5,0.5,0,0.5,0.5,0,0.5,0.4,0,0.6,0.6,0,0.4,0.5,0.1,0.4,0.4,0.1,0.5
21,12,11,14,13,0.5,0.333333333333333,0.166666666666667,0.166666666666667,0.333333333333333,0.5,0.625,0.25,0.125,0.125,0.25,0.625,0.7,0.2,0.1,0.1,0.2,0.7,0.68421052631579,0.210526315789474,0.105263157894737,0.105263157894737,0.210526315789474,0.68421052631579
21,5,4,15,14,0.833333333333333,0.166666666666667,0,0,0.166666666666667,0.833333333333333,0.875,0.125,0,0,0.125,0.875,0.8,0.2,0,0,0.2,0.8,0.65,0.2,0.15,0.15,0.2,0.65
22,20,20,17,17,0.333333333333333,0.333333333333333,0.333333333333333,0.333333333333333,0.333333333333333,0.333333333333333,0.375,0.375,0.25,0.25,0.375,0.375,0.4,0.3,0.3,0.3,0.3,0.4,0.368421052631579,0.157894736842105,0.473684210526316,0.473684210526316,0.157894736842105,0.368421052631579
22,17,17,20,20,0.666666666666667,0.166666666666667,0.166666666666667,0.166666666666667,0.166666666666667,0.666666666666667,0.625,0.25,0.125,0.125,0.25,0.625,0.7,0.2,0.1,0.1,0.2,0.7,0.55,0.35,0.1,0.1,0.35,0.55
22,4,3,10,9,0.333333333333333,0.166666666666667,0.5,0.5,0.166666666666667,0.333333333333333,0.25,0.125,0.625,0.625,0.125,0.25,0.3,0.1,0.6,0.6,0.1,0.3,0.35,0.25,0.4,0.4,0.25,0.35
22,9,8,8,22,0.333333333333333,0.333333333333333,0.333333333333333,0.333333333333333,0.333333333333333,0.333333333333333,0.5,0.25,0.25,0.25,0.25,0.5,0.5,0.2,0.3,0.3,0.2,0.5,0.5,0.2,0.3,0.3,0.2,0.5
22,3,21,2,2,0.5,0.333333333333333,0.166666666666667,0.166666666666667,0.333333333333333,0.5,0.375,0.5,0.125,0.125,0.5,0.375,0.3,0.5,0.2,0.2,0.5,0.3,0.45,0.35,0.2,0.2,0.35,0.45
22,1,1,5,4,0.333333333333333,0.333333333333333,0.333333333333333,0.333333333333333,0.333333333333333,0.333333333333333,0.375,0.375,0.25,0.25,0.375,0.375,0.4,0.3,0.3,0.3,0.3,0.4,0.5,0.15,0.35,0.35,0.15,0.5
22,14,13,6,5,0,0.666666666666667,0.333333333333333,0.333333333333333,0.666666666666667,0,0.125,0.625,0.25,0.25,0.625,0.125,0.2,0.5,0.3,0.3,0.5,0.2,0.45,0.3,0.25,0.25,0.3,0.45
22,11,10,18,18,1,0,0,0,0,1,0.875,0,0.125,0.125,0,0.875,0.9,0,0.1,0.1,0,0.9,0.7,0.1,0.2,0.2,0.1,0.7
22,4,3,10,9,0.333333333333333,0.166666666666667,0.5,0.5,0.166666666666667,0.333333333333333,0.25,0.125,0.625,0.625,0.125,0.25,0.3,0.1,0.6,0.6,0.1,0.3,0.35,0.25,0.4,0.4,0.25,0.35
22,15,14,13,23,0.666666666666667,0,0.333333333333333,0.333333333333333,0,0.666666666666667,0.5,0.125,0.375,0.375,0.125,0.5,0.5,0.2,0.3,0.3,0.2,0.5,0.5,0.2,0.3,0.3,0.2,0.5
22,16,16,17,17,0.333333333333333,0.333333333333333,0.333333333333333,0.333333333333333,0.333333333333333,0.333333333333333,0.375,0.375,0.25,0.25,0.375,0.375,0.4,0.3,0.3,0.3,0.3,0.4,0.3,0.15,0.55,0.55,0.15,0.3
23,8,22,20,20,0,0.666666666666667,0.333333333333333,0.333333333333333,0.666666666666667,0,0.25,0.5,0.25,0.25,0.5,0.25,0.3,0.4,0.3,0.3,0.4,0.3,0.35,0.45,0.2,0.2,0.45,0.35
23,6,5,4,3,0.166666666666667,0.666666666666667,0.166666666666667,0.166666666666667,0.666666666666667,0.166666666666667,0.25,0.625,0.125,0.125,0.625,0.25,0.3,0.5,0.2,0.2,0.5,0.3,0.25,0.45,0.3,0.3,0.45,0.25
23,2,2,1,1,0.166666666666667,0.5,0.333333333333333,0.333333333333333,0.5,0.166666666666667,0.125,0.625,0.25,0.25,0.625,0.125,0.1,0.5,0.4,0.4,0.5,0.1,0.3,0.35,0.35,0.35,0.35,0.3
23,6,5,4,3,0.166666666666667,0.666666666666667,0.166666666666667,0.166666666666667,0.666666666666667,0.166666666666667,0.25,0.625,0.125,0.125,0.625,0.25,0.3,0.5,0.2,0.2,0.5,0.3,0.25,0.45,0.3,0.3,0.45,0.25
23,18,18,14,13,0.5,0.166666666666667,0.333333333333333,0.333333333333333,0.166666666666667,0.5,0.375,0.375,0.25,0.25,0.375,0.375,0.4,0.3,0.3,0.3,0.3,0.4,0.4,0.3,0.3,0.3,0.3,0.4
23,10,9,11,10,0.333333333333333,0.333333333333333,0.333333333333333,0.333333333333333,0.333333333333333,0.333333333333333,0.25,0.375,0.375,0.375,0.375,0.25,0.2,0.4,0.4,0.4,0.4,0.2,0.25,0.3,0.45,0.45,0.3,0.25
23,5,4,9,8,0.833333333333333,0,0.166666666666667,0.166666666666667,0,0.833333333333333,0.75,0,0.25,0.25,0,0.75,0.7,0.1,0.2,0.2,0.1,0.7,0.55,0.25,0.2,0.2,0.25,0.55
23,19,19,3,21,0.333333333333333,0.5,0.166666666666667,0.166666666666667,0.5,0.333333333333333,0.375,0.5,0.125,0.125,0.5,0.375,0.4,0.5,0.1,0.1,0.5,0.4,0.3,0.45,0.25,0.25,0.45,0.3
23,13,23,16,16,0.333333333333333,0.166666666666667,0.5,0.5,0.166666666666667,0.333333333333333,0.375,0.125,0.5,0.5,0.125,0.375,0.4,0.1,0.5,0.5,0.1,0.4,0.5,0.15,0.35,0.35,0.15,0.5
23,12,11,15,14,0.5,0.5,0,0,0.5,0.5,0.5,0.375,0.125,0.125,0.375,0.5,0.6,0.3,0.1,0.1,0.3,0.6,0.65,0.25,0.1,0.1,0.25,0.65
24,20,20,2,2,0.5,0.333333333333333,0.166666666666667,0.166666666666667,0.333333333333333,0.5,0.5,0.375,0.125,0.125,0.375,0.5,0.4,0.5,0.1,0.1,0.5,0.4,0.45,0.25,0.3,0.3,0.25,0.45
24,4,3,12,11,0.166666666666667,0.166666666666667,0.666666666666667,0.666666666666667,0.166666666666667,0.166666666666667,0.25,0.125,0.625,0.625,0.125,0.25,0.2,0.1,0.7,0.7,0.1,0.2,0.3,0.25,0.45,0.45,0.25,0.3
24,15,14,8,22,0.333333333333333,0.166666666666667,0.5,0.5,0.166666666666667,0.333333333333333,0.5,0.125,0.375,0.375,0.125,0.5,0.5,0.1,0.4,0.4,0.1,0.5,0.5,0.2,0.3,0.3,0.2,0.5
24,1,1,6,5,0.166666666666667,0.5,0.333333333333333,0.333333333333333,0.5,0.166666666666667,0.125,0.5,0.375,0.375,0.5,0.125,0.2,0.5,0.3,0.3,0.5,0.2,0.6,0.25,0.15,0.15,0.25,0.6
24,9,8,18,18,0.666666666666667,0.166666666666667,0.166666666666667,0.166666666666667,0.166666666666667,0.666666666666667,0.75,0.125,0.125,0.125,0.125,0.75,0.7,0.1,0.2,0.2,0.1,0.7,0.5,0.15,0.35,0.35,0.15,0.5
24,16,16,10,9,0,0.333333333333333,0.666666666666667,0.666666666666667,0.333333333333333,0,0.125,0.25,0.625,0.625,0.25,0.125,0.1,0.3,0.6,0.6,0.3,0.1,0.2,0.2,0.6,0.6,0.2,0.2
24,4,3,12,11,0.166666666666667,0.166666666666667,0.666666666666667,0.666666666666667,0.166666666666667,0.166666666666667,0.25,0.125,0.625,0.625,0.125,0.25,0.2,0.1,0.7,0.7,0.1,0.2,0.3,0.25,0.45,0.45,0.25,0.3
24,11,10,13,23,0.666666666666667,0,0.333333333333333,0.333333333333333,0,0.666666666666667,0.75,0,0.25,0.25,0,0.75,0.7,0.1,0.2,0.2,0.1,0.7,0.75,0.1,0.15,0.15,0.1,0.75
24,14,13,17,17,0.166666666666667,0.166666666666667,0.666666666666667,0.666666666666667,0.166666666666667,0.166666666666667,0.125,0.375,0.5,0.5,0.375,0.125,0.3,0.3,0.4,0.4,0.3,0.3,0.3,0.2,0.5,0.5,0.2,0.3
24,3,21,5,4,0.166666666666667,0.666666666666667,0.166666666666667,0.166666666666667,0.666666666666667,0.166666666666667,0.25,0.5,0.25,0.25,0.5,0.25,0.2,0.6,0.2,0.2,0.6,0.2,0.25,0.45,0.3,0.3,0.45,0.25
25,20,20,6,5,0.333333333333333,0.333333333333333,0.333333333333333,0.333333333333333,0.333333333333333,0.333333333333333,0.25,0.375,0.375,0.375,0.375,0.25,0.3,0.4,0.3,0.3,0.4,0.3,0.4,0.3,0.3,0.3,0.3,0.4
25,13,23,4,3,0.166666666666667,0.666666666666667,0.166666666666667,0.166666666666667,0.666666666666667,0.166666666666667,0.125,0.625,0.25,0.25,0.625,0.125,0.2,0.5,0.3,0.3,0.5,0.2,0.25,0.4,0.35,0.35,0.4,0.25
25,8,22,10,9,0.166666666666667,0.5,0.333333333333333,0.333333333333333,0.5,0.166666666666667,0.125,0.375,0.5,0.5,0.375,0.125,0.2,0.3,0.5,0.5,0.3,0.2,0.25,0.25,0.5,0.5,0.25,0.25
25,5,4,2,2,0.5,0.5,0,0,0.5,0.5,0.625,0.375,0,0,0.375,0.625,0.6,0.4,0,0,0.4,0.6,0.55,0.3,0.15,0.15,0.3,0.55
25,16,16,1,1,0.333333333333333,0.333333333333333,0.333333333333333,0.333333333333333,0.333333333333333,0.333333333333333,0.25,0.375,0.375,0.375,0.375,0.25,0.3,0.4,0.3,0.3,0.4,0.3,0.3,0.3,0.4,0.4,0.3,0.3
25,15,14,18,18,0.833333333333333,0,0.166666666666667,0.166666666666667,0,0.833333333333333,0.75,0,0.25,0.25,0,0.75,0.8,0,0.2,0.2,0,0.8,0.55,0.1,0.35,0.35,0.1,0.55
25,7,6,9,8,0.333333333333333,0.5,0.166666666666667,0.166666666666667,0.5,0.333333333333333,0.375,0.375,0.25,0.25,0.375,0.375,0.4,0.3,0.3,0.3,0.3,0.4,0.35,0.35,0.3,0.3,0.35,0.35
25,11,10,19,19,0.833333333333333,0.166666666666667,0,0,0.166666666666667,0.833333333333333,0.75,0.25,0,0,0.25,0.75,0.8,0.2,0,0,0.2,0.8,0.8,0.2,0,0,0.2,0.8
25,17,17,12,11,0.333333333333333,0.333333333333333,0.333333333333333,0.333333333333333,0.333333333333333,0.333333333333333,0.375,0.25,0.375,0.375,0.25,0.375,0.4,0.2,0.4,0.4,0.2,0.4,0.45,0.25,0.3,0.3,0.25,0.45
25,14,13,3,21,0.333333333333333,0.5,0.166666666666667,0.166666666666667,0.5,0.333333333333333,0.375,0.375,0.25,0.25,0.375,0.375,0.4,0.4,0.2,0.2,0.4,0.4,0.45,0.25,0.3,0.3,0.25,0.45
26,3,21,20,20,0.166666666666667,0.5,0.333333333333333,0.333333333333333,0.5,0.166666666666667,0.125,0.5,0.375,0.375,0.5,0.125,0.2,0.4,0.4,0.4,0.4,0.2,0.25,0.55,0.2,0.2,0.55,0.25
26,4,3,11,10,0.166666666666667,0.166666666666667,0.666666666666667,0.666666666666667,0.166666666666667,0.166666666666667,0.25,0.125,0.625,0.625,0.125,0.25,0.3,0.1,0.6,0.6,0.1,0.3,0.25,0.1,0.65,0.65,0.1,0.25
26,12,11,8,22,0.5,0.5,0,0,0.5,0.5,0.5,0.375,0.125,0.125,0.375,0.5,0.5,0.3,0.2,0.2,0.3,0.5,0.7,0.2,0.1,0.1,0.2,0.7
26,2,2,15,14,0.666666666666667,0.333333333333333,0,0,0.333333333333333,0.666666666666667,0.625,0.25,0.125,0.125,0.25,0.625,0.6,0.3,0.1,0.1,0.3,0.6,0.55,0.25,0.2,0.2,0.25,0.55
26,1,1,7,6,0.5,0.5,0,0,0.5,0.5,0.5,0.375,0.125,0.125,0.375,0.5,0.4,0.4,0.2,0.2,0.4,0.4,0.55,0.3,0.15,0.15,0.3,0.55
26,6,5,13,23,0.333333333333333,0.166666666666667,0.5,0.5,0.166666666666667,0.333333333333333,0.5,0.125,0.375,0.375,0.125,0.5,0.5,0.2,0.3,0.3,0.2,0.5,0.5,0.3,0.2,0.2,0.3,0.5
26,18,18,5,4,0.166666666666667,0.5,0.333333333333333,0.333333333333333,0.5,0.166666666666667,0.125,0.375,0.5,0.5,0.375,0.125,0.2,0.4,0.4,0.4,0.4,0.2,0.25,0.25,0.5,0.5,0.25,0.25
26,10,9,17,17,0.5,0.166666666666667,0.333333333333333,0.333333333333333,0.166666666666667,0.5,0.5,0.25,0.25,0.25,0.25,0.5,0.4,0.4,0.2,0.2,0.4,0.4,0.45,0.35,0.2,0.2,0.35,0.45
26,9,8,16,16,0.5,0.333333333333333,0.166666666666667,0.166666666666667,0.333333333333333,0.5,0.5,0.25,0.25,0.25,0.25,0.5,0.6,0.2,0.2,0.2,0.2,0.6,0.6,0.2,0.2,0.2,0.2,0.6
26,19,19,14,13,0.333333333333333,0.666666666666667,0,0,0.666666666666667,0.333333333333333,0.375,0.5,0.125,0.125,0.5,0.375,0.3,0.6,0.1,0.1,0.6,0.3,0.3,0.5,0.2,0.2,0.5,0.3
27,20,20,18,18,0.5,0.5,0,0,0.5,0.5,0.5,0.375,0.125,0.125,0.375,0.5,0.5,0.4,0.1,0.1,0.4,0.5,0.5,0.3,0.2,0.2,0.3,0.5
27,16,16,4,3,0.5,0.333333333333333,0.166666666666667,0.166666666666667,0.333333333333333,0.5,0.375,0.5,0.125,0.125,0.5,0.375,0.3,0.5,0.2,0.2,0.5,0.3,0.35,0.35,0.3,0.3,0.35,0.35
27,8,22,2,2,0,0.5,0.5,0.5,0.5,0,0.125,0.5,0.375,0.375,0.5,0.125,0.2,0.4,0.4,0.4,0.4,0.2,0.3,0.3,0.4,0.4,0.3,0.3
27,17,17,1,1,0.666666666666667,0.333333333333333,0,0,0.333333333333333,0.666666666666667,0.625,0.25,0.125,0.125,0.25,0.625,0.6,0.3,0.1,0.1,0.3,0.6,0.6,0.25,0.15,0.15,0.25,0.6
27,7,6,6,5,0.333333333333333,0.333333333333333,0.333333333333333,0.333333333333333,0.333333333333333,0.333333333333333,0.25,0.5,0.25,0.25,0.5,0.25,0.3,0.4,0.3,0.3,0.4,0.3,0.5,0.3,0.2,0.2,0.3,0.5
27,14,13,10,9,0.166666666666667,0.333333333333333,0.5,0.5,0.333333333333333,0.166666666666667,0.125,0.5,0.375,0.375,0.5,0.125,0.1,0.4,0.5,0.5,0.4,0.1,0.2,0.35,0.45,0.45,0.35,0.2
27,11,10,9,8,0.833333333333333,0.166666666666667,0,0,0.166666666666667,0.833333333333333,0.875,0.125,0,0,0.125,0.875,0.8,0.1,0.1,0.1,0.1,0.8,0.65,0.2,0.15,0.15,0.2,0.65
27,5,4,19,19,0.5,0.333333333333333,0.166666666666667,0.166666666666667,0.333333333333333,0.5,0.625,0.25,0.125,0.125,0.25,0.625,0.6,0.3,0.1,0.1,0.3,0.6,0.65,0.25,0.1,0.1,0.25,0.65
27,13,23,12,11,0.166666666666667,0.5,0.333333333333333,0.333333333333333,0.5,0.166666666666667,0.125,0.5,0.375,0.375,0.5,0.125,0.1,0.4,0.5,0.5,0.4,0.1,0.2,0.3,0.5,0.5,0.3,0.2
27,15,14,3,21,0.333333333333333,0.5,0.166666666666667,0.166666666666667,0.5,0.333333333333333,0.5,0.375,0.125,0.125,0.375,0.5,0.5,0.3,0.2,0.2,0.3,0.5,0.5,0.2,0.3,0.3,0.2,0.5
28,10,9,20,20,0.5,0.333333333333333,0.166666666666667,0.166666666666667,0.333333333333333,0.5,0.5,0.375,0.125,0.125,0.375,0.5,0.4,0.4,0.2,0.2,0.4,0.4,0.45,0.45,0.1,0.1,0.45,0.45
28,4,3,14,13,0,0.5,0.5,0.5,0.5,0,0.125,0.375,0.5,0.5,0.375,0.125,0.3,0.3,0.4,0.4,0.3,0.3,0.45,0.3,0.25,0.25,0.3,0.45
28,19,19,8,22,0.666666666666667,0.166666666666667,0.166666666666667,0.166666666666667,0.166666666666667,0.666666666666667,0.5,0.375,0.125,0.125,0.375,0.5,0.4,0.3,0.3,0.3,0.3,0.4,0.45,0.3,0.25,0.25,0.3,0.45
28,2,2,13,23,0.666666666666667,0.166666666666667,0.166666666666667,0.166666666666667,0.166666666666667,0.666666666666667,0.5,0.25,0.25,0.25,0.25,0.5,0.5,0.2,0.3,0.3,0.2,0.5,0.45,0.3,0.25,0.25,0.3,0.45
28,1,1,11,10,0.5,0.5,0,0,0.5,0.5,0.375,0.5,0.125,0.125,0.5,0.375,0.4,0.4,0.2,0.2,0.4,0.4,0.4,0.2,0.4,0.4,0.2,0.4
28,6,5,17,17,0.166666666666667,0.666666666666667,0.166666666666667,0.166666666666667,0.666666666666667,0.166666666666667,0.125,0.5,0.375,0.375,0.5,0.125,0.3,0.4,0.3,0.3,0.4,0.3,0.4,0.4,0.2,0.2,0.4,0.4
28,18,18,7,6,0.666666666666667,0.166666666666667,0.166666666666667,0.166666666666667,0.166666666666667,0.666666666666667,0.625,0.25,0.125,0.125,0.25,0.625,0.5,0.2,0.3,0.3,0.2,0.5,0.45,0.3,0.25,0.25,0.3,0.45
28,9,8,15,14,0.833333333333333,0.166666666666667,0,0,0.166666666666667,0.833333333333333,0.625,0.375,0,0,0.375,0.625,0.6,0.3,0.1,0.1,0.3,0.6,0.6,0.25,0.15,0.15,0.25,0.6
28,12,11,5,4,0.5,0.333333333333333,0.166666666666667,0.166666666666667,0.333333333333333,0.5,0.375,0.5,0.125,0.125,0.5,0.375,0.4,0.4,0.2,0.2,0.4,0.4,0.5,0.25,0.25,0.25,0.25,0.5
28,3,21,16,16,0.166666666666667,0.5,0.333333333333333,0.333333333333333,0.5,0.166666666666667,0.375,0.375,0.25,0.25,0.375,0.375,0.4,0.4,0.2,0.2,0.4,0.4,0.45,0.4,0.15,0.15,0.4,0.45
29,16,16,20,20,0.833333333333333,0,0.166666666666667,0.166666666666667,0,0.833333333333333,0.625,0.125,0.25,0.25,0.125,0.625,0.5,0.3,0.2,0.2,0.3,0.5,0.45,0.25,0.3,0.3,0.25,0.45
29,4,3,7,6,0.5,0.333333333333333,0.166666666666667,0.166666666666667,0.333333333333333,0.5,0.5,0.25,0.25,0.25,0.25,0.5,0.4,0.3,0.3,0.3,0.3,0.4,0.5,0.25,0.25,0.25,0.25,0.5
29,17,17,8,22,0.833333333333333,0,0.166666666666667,0.166666666666667,0,0.833333333333333,0.75,0.125,0.125,0.125,0.125,0.75,0.7,0.2,0.1,0.1,0.2,0.7,0.75,0.15,0.1,0.1,0.15,0.75
29,9,8,2,2,0.333333333333333,0.5,0.166666666666667,0.166666666666667,0.5,0.333333333333333,0.375,0.5,0.125,0.125,0.5,0.375,0.4,0.5,0.1,0.1,0.5,0.4,0.4,0.35,0.25,0.25,0.35,0.4
29,3,21,1,1,0.833333333333333,0,0.166666666666667,0.166666666666667,0,0.833333333333333,0.625,0.25,0.125,0.125,0.25,0.625,0.6,0.2,0.2,0.2,0.2,0.6,0.35,0.4,0.25,0.25,0.4,0.35
29,6,5,12,11,0.5,0.166666666666667,0.333333333333333,0.333333333333333,0.166666666666667,0.5,0.375,0.25,0.375,0.375,0.25,0.375,0.3,0.3,0.4,0.4,0.3,0.3,0.35,0.3,0.35,0.35,0.3,0.35
29,18,18,19,19,0.666666666666667,0.333333333333333,0,0,0.333333333333333,0.666666666666667,0.625,0.25,0.125,0.125,0.25,0.625,0.7,0.2,0.1,0.1,0.2,0.7,0.55,0.25,0.2,0.2,0.25,0.55
29,10,9,13,23,0.5,0.5,0,0,0.5,0.5,0.5,0.375,0.125,0.125,0.375,0.5,0.5,0.3,0.2,0.2,0.3,0.5,0.55,0.35,0.1,0.1,0.35,0.55
29,11,10,5,4,0.833333333333333,0,0.166666666666667,0.166666666666667,0,0.833333333333333,0.75,0.125,0.125,0.125,0.125,0.75,0.7,0.2,0.1,0.1,0.2,0.7,0.65,0.15,0.2,0.2,0.15,0.65
29,14,13,15,14,0.333333333333333,0.5,0.166666666666667,0.166666666666667,0.5,0.333333333333333,0.375,0.375,0.25,0.25,0.375,0.375,0.3,0.5,0.2,0.2,0.5,0.3,0.4,0.35,0.25,0.25,0.35,0.4
30,20,20,4,3,0.5,0.5,0,0,0.5,0.5,0.5,0.5,0,0,0.5,0.5,0.4,0.5,0.1,0.1,0.5,0.4,0.35,0.4,0.25,0.25,0.4,0.35
30,8,22,16,16,0.333333333333333,0.333333333333333,0.333333333333333,0.333333333333333,0.333333333333333,0.333333333333333,0.25,0.375,0.375,0.375,0.375,0.25,0.3,0.4,0.3,0.3,0.4,0.3,0.55,0.2,0.25,0.25,0.2,0.55
30,2,2,17,17,0.333333333333333,0.5,0.166666666666667,0.166666666666667,0.5,0.333333333333333,0.375,0.375,0.25,0.25,0.375,0.375,0.3,0.4,0.3,0.3,0.4,0.3,0.4,0.3,0.3,0.3,0.3,0.4
30,1,1,18,18,0.666666666666667,0.166666666666667,0.166666666666667,0.166666666666667,0.166666666666667,0.666666666666667,0.625,0.25,0.125,0.125,0.25,0.625,0.6,0.3,0.1,0.1,0.3,0.6,0.7,0.15,0.15,0.15,0.15,0.7
30,5,4,6,5,0.5,0.333333333333333,0.166666666666667,0.166666666666667,0.333333333333333,0.5,0.5,0.25,0.25,0.25,0.25,0.5,0.5,0.3,0.2,0.2,0.3,0.5,0.6,0.25,0.15,0.15,0.25,0.6
30,12,11,10,9,0.666666666666667,0,0.333333333333333,0.333333333333333,0,0.666666666666667,0.5,0.125,0.375,0.375,0.125,0.5,0.4,0.3,0.3,0.3,0.3,0.4,0.45,0.15,0.4,0.4,0.15,0.45
30,7,6,3,21,0.5,0.5,0,0,0.5,0.5,0.375,0.5,0.125,0.125,0.5,0.375,0.4,0.5,0.1,0.1,0.5,0.4,0.55,0.25,0.2,0.2,0.25,0.55
30,19,19,9,8,0.5,0.166666666666667,0.333333333333333,0.333333333333333,0.166666666666667,0.5,0.5,0.25,0.25,0.25,0.25,0.5,0.5,0.3,0.2,0.2,0.3,0.5,0.25,0.35,0.4,0.4,0.35,0.25
30,15,14,11,10,0.333333333333333,0.5,0.166666666666667,0.166666666666667,0.5,0.333333333333333,0.25,0.5,0.25,0.25,0.5,0.25,0.3,0.4,0.3,0.3,0.4,0.3,0.2,0.25,0.55,0.55,0.25,0.2
30,13,23,14,13,0.166666666666667,0.666666666666667,0.166666666666667,0.166666666666667,0.666666666666667,0.166666666666667,0.125,0.75,0.125,0.125,0.75,0.125,0.2,0.6,0.2,0.2,0.6,0.2,0.3,0.4,0.3,0.3,0.4,0.3
31,8,22,6,5,0.5,0.333333333333333,0.166666666666667,0.166666666666667,0.333333333333333,0.5,0.5,0.25,0.25,0.25,0.25,0.5,0.4,0.3,0.3,0.3,0.3,0.4,0.35,0.35,0.3,0.3,0.35,0.35
31,2,2,19,19,0.666666666666667,0.166666666666667,0.166666666666667,0.166666666666667,0.166666666666667,0.666666666666667,0.625,0.25,0.125,0.125,0.25,0.625,0.7,0.2,0.1,0.1,0.2,0.7,0.55,0.3,0.15,0.15,0.3,0.55
31,10,9,18,18,0.666666666666667,0.333333333333333,0,0,0.333333333333333,0.666666666666667,0.75,0.25,0,0,0.25,0.75,0.8,0.2,0,0,0.2,0.8,0.7,0.25,0.05,0.05,0.25,0.7
31,15,14,7,6,0.5,0.333333333333333,0.166666666666667,0.166666666666667,0.333333333333333,0.5,0.625,0.25,0.125,0.125,0.25,0.625,0.6,0.2,0.2,0.2,0.2,0.6,0.45,0.3,0.25,0.25,0.3,0.45
32,20,20,14,13,0.333333333333333,0.333333333333333,0.333333333333333,0.333333333333333,0.333333333333333,0.333333333333333,0.25,0.5,0.25,0.25,0.5,0.25,0.3,0.5,0.2,0.2,0.5,0.3,0.4,0.4,0.2,0.2,0.4,0.4
32,19,19,4,3,0.166666666666667,0.166666666666667,0.666666666666667,0.666666666666667,0.166666666666667,0.166666666666667,0.375,0.125,0.5,0.5,0.125,0.375,0.3,0.3,0.4,0.4,0.3,0.3,0.2,0.4,0.4,0.4,0.4,0.2
32,13,23,8,22,0.666666666666667,0.166666666666667,0.166666666666667,0.166666666666667,0.166666666666667,0.666666666666667,0.625,0.25,0.125,0.125,0.25,0.625,0.6,0.3,0.1,0.1,0.3,0.6,0.45,0.2,0.35,0.35,0.2,0.45
32,18,18,2,2,0.666666666666667,0.166666666666667,0.166666666666667,0.166666666666667,0.166666666666667,0.666666666666667,0.5,0.375,0.125,0.125,0.375,0.5,0.4,0.4,0.2,0.2,0.4,0.4,0.4,0.35,0.25,0.25,0.35,0.4
32,1,1,15,14,0.5,0.333333333333333,0.166666666666667,0.166666666666667,0.333333333333333,0.5,0.625,0.25,0.125,0.125,0.25,0.625,0.6,0.3,0.1,0.1,0.3,0.6,0.6,0.3,0.1,0.1,0.3,0.6
32,6,5,10,9,0.166666666666667,0.166666666666667,0.666666666666667,0.666666666666667,0.166666666666667,0.166666666666667,0.375,0.125,0.5,0.5,0.125,0.375,0.3,0.2,0.5,0.5,0.2,0.3,0.25,0.25,0.5,0.5,0.25,0.25
32,7,6,11,10,0.5,0.166666666666667,0.333333333333333,0.333333333333333,0.166666666666667,0.5,0.5,0.25,0.25,0.25,0.25,0.5,0.4,0.3,0.3,0.3,0.3,0.4,0.4,0.2,0.4,0.4,0.2,0.4
32,3,21,9,8,0.833333333333333,0,0.166666666666667,0.166666666666667,0,0.833333333333333,0.625,0.125,0.25,0.25,0.125,0.625,0.6,0.2,0.2,0.2,0.2,0.6,0.4,0.35,0.25,0.25,0.35,0.4
32,12,11,16,16,0.666666666666667,0.333333333333333,0,0,0.333333333333333,0.666666666666667,0.625,0.375,0,0,0.375,0.625,0.5,0.4,0.1,0.1,0.4,0.5,0.65,0.25,0.1,0.1,0.25,0.65
32,5,4,17,17,0.333333333333333,0.166666666666667,0.5,0.5,0.166666666666667,0.333333333333333,0.25,0.375,0.375,0.375,0.375,0.25,0.3,0.3,0.4,0.4,0.3,0.3,0.55,0.2,0.25,0.25,0.2,0.55
33,5,4,20,20,0.833333333333333,0,0.166666666666667,0.166666666666667,0,0.833333333333333,0.625,0,0.375,0.375,0,0.625,0.5,0.2,0.3,0.3,0.2,0.5,0.65,0.15,0.2,0.2,0.15,0.65
33,18,18,4,3,0.5,0.166666666666667,0.333333333333333,0.333333333333333,0.166666666666667,0.5,0.5,0.25,0.25,0.25,0.25,0.5,0.5,0.3,0.2,0.2,0.3,0.5,0.35,0.35,0.3,0.3,0.35,0.35
33,3,21,8,22,0.666666666666667,0,0.333333333333333,0.333333333333333,0,0.666666666666667,0.75,0,0.25,0.25,0,0.75,0.7,0,0.3,0.3,0,0.7,0.55,0.2,0.25,0.25,0.2,0.55
33,2,2,6,5,0.5,0.166666666666667,0.333333333333333,0.333333333333333,0.166666666666667,0.5,0.5,0.25,0.25,0.25,0.25,0.5,0.6,0.2,0.2,0.2,0.2,0.6,0.35,0.35,0.3,0.3,0.35,0.35
33,1,1,14,13,0.666666666666667,0.166666666666667,0.166666666666667,0.166666666666667,0.166666666666667,0.666666666666667,0.625,0.125,0.25,0.25,0.125,0.625,0.6,0.2,0.2,0.2,0.2,0.6,0.55,0.3,0.15,0.15,0.3,0.55
33,7,6,10,9,0.5,0,0.5,0.5,0,0.5,0.5,0,0.5,0.5,0,0.5,0.5,0.1,0.4,0.4,0.1,0.5,0.4,0.15,0.45,0.45,0.15,0.4
33,9,8,13,23,0.166666666666667,0.833333333333333,0,0,0.833333333333333,0.166666666666667,0.375,0.625,0,0,0.625,0.375,0.4,0.5,0.1,0.1,0.5,0.4,0.45,0.35,0.2,0.2,0.35,0.45
33,19,19,16,16,0.333333333333333,0.166666666666667,0.5,0.5,0.166666666666667,0.333333333333333,0.25,0.25,0.5,0.5,0.25,0.25,0.3,0.3,0.4,0.4,0.3,0.3,0.35,0.35,0.3,0.3,0.35,0.35
33,11,10,12,11,0.833333333333333,0,0.166666666666667,0.166666666666667,0,0.833333333333333,0.75,0,0.25,0.25,0,0.75,0.7,0,0.3,0.3,0,0.7,0.65,0.05,0.3,0.3,0.05,0.65
33,15,14,17,17,0,0.166666666666667,0.833333333333333,0.833333333333333,0.166666666666667,0,0,0.375,0.625,0.625,0.375,0,0.1,0.4,0.5,0.5,0.4,0.1,0.25,0.25,0.5,0.5,0.25,0.25
34,20,20,15,14,0.5,0.333333333333333,0.166666666666667,0.166666666666667,0.333333333333333,0.5,0.5,0.375,0.125,0.125,0.375,0.5,0.5,0.4,0.1,0.1,0.4,0.5,0.55,0.35,0.1,0.1,0.35,0.55
34,4,3,5,4,0.666666666666667,0.333333333333333,0,0,0.333333333333333,0.666666666666667,0.5,0.25,0.25,0.25,0.25,0.5,0.4,0.3,0.3,0.3,0.3,0.4,0.4,0.25,0.35,0.35,0.25,0.4
34,4,3,5,4,0.666666666666667,0.333333333333333,0,0,0.333333333333333,0.666666666666667,0.5,0.25,0.25,0.25,0.25,0.5,0.4,0.3,0.3,0.3,0.3,0.4,0.4,0.25,0.35,0.35,0.25,0.4
34,8,22,18,18,0.666666666666667,0.166666666666667,0.166666666666667,0.166666666666667,0.166666666666667,0.666666666666667,0.5,0.25,0.25,0.25,0.25,0.5,0.5,0.2,0.3,0.3,0.2,0.5,0.5,0.2,0.3,0.3,0.2,0.5
34,10,9,2,2,0.666666666666667,0.333333333333333,0,0,0.333333333333333,0.666666666666667,0.5,0.375,0.125,0.125,0.375,0.5,0.5,0.4,0.1,0.1,0.4,0.5,0.45,0.5,0.05,0.05,0.5,0.45
34,2,2,10,9,0,0,0,0,0,0,0,0,0,0,0,0,0,0,0,0,0,0,0,0,0,0,0,0
34,13,23,1,1,1,0,0,0,0,1,0.875,0.125,0,0,0.125,0.875,0.7,0.3,0,0,0.3,0.7,0.4,0.3,0.3,0.3,0.3,0.4
34,6,5,3,21,0.166666666666667,0.333333333333333,0.5,0.5,0.333333333333333,0.166666666666667,0.25,0.375,0.375,0.375,0.375,0.25,0.3,0.4,0.3,0.3,0.4,0.3,0.45,0.3,0.25,0.25,0.3,0.45
34,16,16,7,6,0.833333333333333,0,0.166666666666667,0.166666666666667,0,0.833333333333333,0.875,0,0.125,0.125,0,0.875,0.8,0,0.2,0.2,0,0.8,0.55,0.2,0.25,0.25,0.2,0.55
34,9,8,4,3,0,0,0,0,0,0,0,0,0,0,0,0,0,0,0,0,0,0,0,0,0,0,0,0
34,12,11,19,19,1,0,0,0,0,1,1,0,0,0,0,1,0.9,0.1,0,0,0.1,0.9,0.7,0.25,0.05,0.05,0.25,0.7
34,17,17,11,10,0.5,0,0.5,0.5,0,0.5,0.5,0.125,0.375,0.375,0.125,0.5,0.5,0.2,0.3,0.3,0.2,0.5,0.45,0.2,0.35,0.35,0.2,0.45
34,14,13,5,4,0.5,0.333333333333333,0.166666666666667,0.166666666666667,0.333333333333333,0.5,0.375,0.375,0.25,0.25,0.375,0.375,0.3,0.4,0.3,0.3,0.4,0.3,0.25,0.4,0.35,0.35,0.4,0.25
34,3,21,17,17,0.166666666666667,0.166666666666667,0.666666666666667,0.666666666666667,0.166666666666667,0.166666666666667,0.25,0.125,0.625,0.625,0.125,0.25,0.3,0.2,0.5,0.5,0.2,0.3,0.25,0.3,0.45,0.45,0.3,0.25
35,1,1,20,20,0.833333333333333,0.166666666666667,0,0,0.166666666666667,0.833333333333333,0.75,0.125,0.125,0.125,0.125,0.75,0.7,0.1,0.2,0.2,0.1,0.7,0.55,0.25,0.2,0.2,0.25,0.55
35,15,14,4,3,0,0,1,1,0,0,0.125,0.125,0.75,0.75,0.125,0.125,0.1,0.3,0.6,0.6,0.3,0.1,0.3,0.3,0.4,0.4,0.3,0.3
35,18,18,6,5,0.333333333333333,0.333333333333333,0.333333333333333,0.333333333333333,0.333333333333333,0.333333333333333,0.5,0.25,0.25,0.25,0.25,0.5,0.5,0.3,0.2,0.2,0.3,0.5,0.35,0.35,0.3,0.3,0.35,0.35
35,19,19,10,9,0.166666666666667,0.333333333333333,0.5,0.5,0.333333333333333,0.166666666666667,0.125,0.25,0.625,0.625,0.25,0.125,0.1,0.2,0.7,0.7,0.2,0.1,0.15,0.3,0.55,0.55,0.3,0.15
35,7,6,13,23,0.333333333333333,0.333333333333333,0.333333333333333,0.333333333333333,0.333333333333333,0.333333333333333,0.375,0.375,0.25,0.25,0.375,0.375,0.5,0.3,0.2,0.2,0.3,0.5,0.45,0.3,0.25,0.25,0.3,0.45
35,11,10,16,16,0.5,0.333333333333333,0.166666666666667,0.166666666666667,0.333333333333333,0.5,0.625,0.25,0.125,0.125,0.25,0.625,0.6,0.3,0.1,0.1,0.3,0.6,0.7,0.2,0.1,0.1,0.2,0.7
36,20,20,11,10,0.166666666666667,0.166666666666667,0.666666666666667,0.666666666666667,0.166666666666667,0.166666666666667,0.25,0.125,0.625,0.625,0.125,0.25,0.2,0.3,0.5,0.5,0.3,0.2,0.25,0.3,0.45,0.45,0.3,0.25
36,4,3,3,21,0.666666666666667,0.166666666666667,0.166666666666667,0.166666666666667,0.166666666666667,0.666666666666667,0.5,0.375,0.125,0.125,0.375,0.5,0.5,0.4,0.1,0.1,0.4,0.5,0.55,0.25,0.2,0.2,0.25,0.55
36,8,22,7,6,0.333333333333333,0.333333333333333,0.333333333333333,0.333333333333333,0.333333333333333,0.333333333333333,0.5,0.25,0.25,0.25,0.25,0.5,0.5,0.2,0.3,0.3,0.2,0.5,0.4,0.3,0.3,0.3,0.3,0.4
36,14,13,2,2,0.166666666666667,0.5,0.333333333333333,0.333333333333333,0.5,0.166666666666667,0.25,0.5,0.25,0.25,0.5,0.25,0.2,0.5,0.3,0.3,0.5,0.2,0.25,0.5,0.25,0.25,0.5,0.25
36,12,11,1,1,0.833333333333333,0,0.166666666666667,0.166666666666667,0,0.833333333333333,0.875,0,0.125,0.125,0,0.875,0.9,0,0.1,0.1,0,0.9,0.55,0.25,0.2,0.2,0.25,0.55
36,6,5,9,8,0.333333333333333,0,0.666666666666667,0.666666666666667,0,0.333333333333333,0.375,0,0.625,0.625,0,0.375,0.4,0.1,0.5,0.5,0.1,0.4,0.4,0.2,0.4,0.4,0.2,0.4
36,17,17,18,18,0.833333333333333,0,0.166666666666667,0.166666666666667,0,0.833333333333333,0.875,0,0.125,0.125,0,0.875,0.8,0.1,0.1,0.1,0.1,0.8,0.8,0.15,0.05,0.05,0.15,0.8
36,10,9,15,14,0.666666666666667,0.333333333333333,0,0,0.333333333333333,0.666666666666667,0.625,0.375,0,0,0.375,0.625,0.6,0.4,0,0,0.4,0.6,0.65,0.35,0,0,0.35,0.65
36,13,23,19,19,0.833333333333333,0,0.166666666666667,0.166666666666667,0,0.833333333333333,0.875,0,0.125,0.125,0,0.875,0.8,0.1,0.1,0.1,0.1,0.8,0.55,0.25,0.2,0.2,0.25,0.55
36,16,16,5,4,0.5,0.166666666666667,0.333333333333333,0.333333333333333,0.166666666666667,0.5,0.625,0.125,0.25,0.25,0.125,0.625,0.7,0.1,0.2,0.2,0.1,0.7,0.45,0.25,0.3,0.3,0.25,0.45
37,9,8,20,20,0.333333333333333,0.5,0.166666666666667,0.166666666666667,0.5,0.333333333333333,0.375,0.5,0.125,0.125,0.5,0.375,0.4,0.5,0.1,0.1,0.5,0.4,0.4,0.4,0.2,0.2,0.4,0.4
37,20,20,9,8,0,0,0,0,0,0,0,0,0,0,0,0,0,0,0,0,0,0,0,0,0,0,0,0
37,1,1,4,3,0.5,0.166666666666667,0.333333333333333,0.333333333333333,0.166666666666667,0.5,0.5,0.125,0.375,0.375,0.125,0.5,0.5,0.1,0.4,0.4,0.1,0.5,0.45,0.35,0.2,0.2,0.35,0.45
37,5,4,8,22,0.5,0.333333333333333,0.166666666666667,0.166666666666667,0.333333333333333,0.5,0.5,0.25,0.25,0.25,0.25,0.5,0.5,0.2,0.3,0.3,0.2,0.5,0.6,0.2,0.2,0.2,0.2,0.6
37,5,4,8,22,0.5,0.333333333333333,0.166666666666667,0.166666666666667,0.333333333333333,0.5,0.5,0.25,0.25,0.25,0.25,0.5,0.5,0.2,0.3,0.3,0.2,0.5,0.6,0.2,0.2,0.2,0.2,0.6
37,2,2,16,16,0.5,0.333333333333333,0.166666666666667,0.166666666666667,0.333333333333333,0.5,0.375,0.375,0.25,0.25,0.375,0.375,0.4,0.4,0.2,0.2,0.4,0.4,0.45,0.35,0.2,0.2,0.35,0.45
37,4,3,1,1,0,0,0,0,0,0,0,0,0,0,0,0,0,0,0,0,0,0,0,0,0,0,0,0
37,15,14,6,5,0,0.5,0.5,0.5,0.5,0,0.125,0.375,0.5,0.5,0.375,0.125,0.2,0.4,0.4,0.4,0.4,0.2,0.25,0.35,0.4,0.4,0.35,0.25
37,18,18,13,23,0.333333333333333,0.333333333333333,0.333333333333333,0.333333333333333,0.333333333333333,0.333333333333333,0.375,0.375,0.25,0.25,0.375,0.375,0.4,0.4,0.2,0.2,0.4,0.4,0.45,0.25,0.3,0.3,0.25,0.45
37,5,4,10,9,0.166666666666667,0.5,0.333333333333333,0.333333333333333,0.5,0.166666666666667,0.375,0.375,0.25,0.25,0.375,0.375,0.3,0.3,0.4,0.4,0.3,0.3,0.4,0.25,0.35,0.35,0.25,0.4
37,7,6,14,13,0.5,0.333333333333333,0.166666666666667,0.166666666666667,0.333333333333333,0.5,0.625,0.25,0.125,0.125,0.25,0.625,0.6,0.3,0.1,0.1,0.3,0.6,0.5,0.35,0.15,0.15,0.35,0.5
37,19,19,17,17,0,0.5,0.5,0.5,0.5,0,0,0.375,0.625,0.625,0.375,0,0,0.3,0.7,0.7,0.3,0,0.1,0.35,0.55,0.55,0.35,0.1
37,11,10,3,21,0.666666666666667,0.166666666666667,0.166666666666667,0.166666666666667,0.166666666666667,0.666666666666667,0.625,0.25,0.125,0.125,0.25,0.625,0.6,0.3,0.1,0.1,0.3,0.6,0.75,0.2,0.05,0.05,0.2,0.75
37,17,17,13,23,0.666666666666667,0,0.333333333333333,0.333333333333333,0,0.666666666666667,0.625,0.125,0.25,0.25,0.125,0.625,0.6,0.2,0.2,0.2,0.2,0.6,0.65,0.15,0.2,0.2,0.15,0.65
37,3,21,12,11,0,0.333333333333333,0.666666666666667,0.666666666666667,0.333333333333333,0,0.25,0.25,0.5,0.5,0.25,0.25,0.4,0.2,0.4,0.4,0.2,0.4,0.3,0.25,0.45,0.45,0.25,0.3
37,7,6,14,13,0.5,0.333333333333333,0.166666666666667,0.166666666666667,0.333333333333333,0.5,0.625,0.25,0.125,0.125,0.25,0.625,0.6,0.3,0.1,0.1,0.3,0.6,0.5,0.35,0.15,0.15,0.35,0.5
38,20,20,7,6,0,0.5,0.5,0.5,0.5,0,0.25,0.375,0.375,0.375,0.375,0.25,0.3,0.3,0.4,0.4,0.3,0.3,0.4,0.3,0.3,0.3,0.3,0.4
38,4,3,2,2,0.5,0.333333333333333,0.166666666666667,0.166666666666667,0.333333333333333,0.5,0.5,0.375,0.125,0.125,0.375,0.5,0.5,0.4,0.1,0.1,0.4,0.5,0.4,0.35,0.25,0.25,0.35,0.4
38,8,22,1,1,0.666666666666667,0,0.333333333333333,0.333333333333333,0,0.666666666666667,0.625,0.125,0.25,0.25,0.125,0.625,0.7,0.1,0.2,0.2,0.1,0.7,0.45,0.25,0.3,0.3,0.25,0.45
38,6,5,19,19,0.5,0,0.5,0.5,0,0.5,0.5,0,0.5,0.5,0,0.5,0.5,0,0.5,0.5,0,0.5,0.5,0.2,0.3,0.3,0.2,0.5
38,12,11,18,18,0.833333333333333,0,0.166666666666667,0.166666666666667,0,0.833333333333333,0.875,0,0.125,0.125,0,0.875,0.9,0,0.1,0.1,0,0.9,0.8,0.15,0.05,0.05,0.15,0.8
38,10,9,3,21,0.666666666666667,0.333333333333333,0,0,0.333333333333333,0.666666666666667,0.75,0.25,0,0,0.25,0.75,0.7,0.3,0,0,0.3,0.7,0.65,0.35,0,0,0.35,0.65
38,17,17,9,8,0.666666666666667,0,0.333333333333333,0.333333333333333,0,0.666666666666667,0.625,0,0.375,0.375,0,0.625,0.7,0,0.3,0.3,0,0.7,0.7,0.1,0.2,0.2,0.1,0.7
38,14,13,11,10,0.166666666666667,0.166666666666667,0.666666666666667,0.666666666666667,0.166666666666667,0.166666666666667,0.125,0.125,0.75,0.75,0.125,0.125,0.1,0.2,0.7,0.7,0.2,0.1,0.1,0.35,0.55,0.55,0.35,0.1
38,13,23,5,4,0.333333333333333,0,0.666666666666667,0.666666666666667,0,0.333333333333333,0.5,0,0.5,0.5,0,0.5,0.6,0,0.4,0.4,0,0.6,0.35,0.25,0.4,0.4,0.25,0.35
38,16,16,15,14,0.166666666666667,0.5,0.333333333333333,0.333333333333333,0.5,0.166666666666667,0.25,0.5,0.25,0.25,0.5,0.25,0.3,0.5,0.2,0.2,0.5,0.3,0.45,0.35,0.2,0.2,0.35,0.45
